4,0,0,10.80294274199548,10.43171783511664,10.48128818678344,10.559023236835765,11.579365437649917
3,0,0,10.80294274199548,10.43171783511664,10.48128818678344,10.559023236835765,11.579365437649917
4,0,0,10.80294274199548,10.43171783511664,10.48128818678344,10.559023236835765,11.579365437649917
4,0,0,10.80294274199548,10.43171783511664,10.48128818678344,10.559023236835765,11.579365437649917
4,0,0,10.80294274199548,10.43171783511664,10.48128818678344,10.559023236835765,11.579365437649917
3,0,0,10.80294274199548,10.43171783511664,10.48128818678344,10.559023236835765,11.579365437649917
3,0,0,10.80294274199548,10.43171783511664,10.48128818678344,10.559023236835765,11.579365437649917
4,0,0,10.80294274199548,10.43171783511664,10.48128818678344,10.559023236835765,11.579365437649917
4,0,0,10.80294274199548,10.43171783511664,10.48128818678344,10.559023236835765,11.579365437649917
4,0,0,10.80294274199548,10.43171783511664,10.48128818678344,10.559023236835765,11.579365437649917
4,0,0,10.80294274199548,10.43171783511664,10.48128818678344,10.559023236835765,11.579365437649917
4,0,0,10.80294274199548,10.43171783511664,10.48128818678344,10.559023236835765,11.579365437649917
4,0,0,10.80294274199548,10.43171783511664,10.48128818678344,10.559023236835765,11.579365437649917
3,0,0,10.80294274199548,10.43171783511664,10.48128818678344,10.559023236835765,11.579365437649917
4,0,0,10.80294274199548,10.43171783511664,10.48128818678344,10.559023236835765,11.579365437649917
4,0,0,10.80294274199548,10.43171783511664,10.48128818678344,10.559023236835765,11.579365437649917
3,0,0,10.80294274199548,10.43171783511664,10.48128818678344,10.559023236835765,11.579365437649917
4,0,0,10.80294274199548,10.43171783511664,10.48128818678344,10.559023236835765,11.579365437649917
3,0,0,10.80294274199548,10.43171783511664,10.48128818678344,10.559023236835765,11.579365437649917
3,0,0,10.80294274199548,10.43171783511664,10.48128818678344,10.559023236835765,11.579365437649917
3,0,0,10.80294274199548,10.43171783511664,10.48128818678344,10.559023236835765,11.579365437649917
3,0,0,10.80294274199548,10.43171783511664,10.48128818678344,10.559023236835765,11.579365437649917
3,0,0,10.80294274199548,10.43171783511664,10.48128818678344,10.559023236835765,11.579365437649917
4,0,0,10.80294274199548,10.43171783511664,10.48128818678344,10.559023236835765,11.579365437649917
4,0,0,10.80294274199548,10.43171783511664,10.48128818678344,10.559023236835765,11.579365437649917
3,0,0,10.80294274199548,10.43171783511664,10.48128818678344,10.559023236835765,11.579365437649917
4,0,0,10.80294274199548,10.43171783511664,10.48128818678344,10.559023236835765,11.579365437649917
3,0,0,10.80294274199548,10.43171783511664,10.48128818678344,10.559023236835765,11.579365437649917
4,0,0,10.80294274199548,10.43171783511664,10.48128818678344,10.559023236835765,11.579365437649917
5,0,0,10.80294274199548,10.43171783511664,10.48128818678344,10.559023236835765,11.579365437649917
3,0,0,10.80294274199548,10.43171783511664,10.48128818678344,10.559023236835765,11.579365437649917
5,0,0,8.563585197376492,8.475561478591077,8.452829116675822,8.805335550570973,8.615491584702704
3,0,0,10.80294274199548,10.43171783511664,10.48128818678344,10.559023236835765,11.579365437649917
3,0,0,10.80294274199548,10.43171783511664,10.48128818678344,10.559023236835765,11.579365437649917
3,0,0,10.80294274199548,10.43171783511664,10.48128818678344,10.559023236835765,11.579365437649917
3,0,0,10.80294274199548,10.43171783511664,10.48128818678344,10.559023236835765,11.579365437649917
3,0,0,10.80294274199548,10.43171783511664,10.48128818678344,10.559023236835765,11.579365437649917
5,0,0,10.80294274199548,10.43171783511664,10.48128818678344,10.559023236835765,11.579365437649917
4,0,0,10.80294274199548,10.43171783511664,10.48128818678344,10.559023236835765,11.579365437649917
3,0,0,10.80294274199548,10.43171783511664,10.48128818678344,10.559023236835765,11.579365437649917
5,0,0,10.80294274199548,10.43171783511664,10.48128818678344,10.559023236835765,11.579365437649917
3,0,0,10.80294274199548,10.43171783511664,10.48128818678344,10.559023236835765,11.579365437649917
3,0,0,10.80294274199548,10.43171783511664,10.48128818678344,10.559023236835765,11.579365437649917
3,0,0,10.80294274199548,10.43171783511664,10.48128818678344,10.559023236835765,11.579365437649917
4,0,0,10.80294274199548,10.43171783511664,10.48128818678344,10.559023236835765,11.579365437649917
3,0,0,10.80294274199548,10.43171783511664,10.48128818678344,10.559023236835765,11.579365437649917
4,0,0,10.80294274199548,10.43171783511664,10.48128818678344,10.559023236835765,11.579365437649917
0,0,0,10.80294274199548,10.43171783511664,10.48128818678344,10.559023236835765,11.579365437649917
4,0,0,10.80294274199548,10.43171783511664,10.48128818678344,10.559023236835765,11.579365437649917
3,0,0,10.80294274199548,10.43171783511664,10.48128818678344,10.559023236835765,11.579365437649917
3,0,0,10.80294274199548,10.43171783511664,10.48128818678344,10.559023236835765,11.579365437649917
4,0,0,10.80294274199548,10.43171783511664,10.48128818678344,10.559023236835765,11.579365437649917
3,0,0,10.01038991944645,10.107999197595507,9.6834497580293,10.563371804579134,9.865670869430854
3,0,0,10.80294274199548,10.43171783511664,10.48128818678344,10.559023236835765,11.579365437649917
3,0,0,10.80294274199548,10.43171783511664,10.48128818678344,10.559023236835765,11.579365437649917
4,0,0,10.80294274199548,10.43171783511664,10.48128818678344,10.559023236835765,11.579365437649917
3,0,0,10.80294274199548,10.43171783511664,10.48128818678344,10.559023236835765,11.579365437649917
3,0,0,10.81846822813832,10.740309472518563,10.14154799788052,12.344217391514146,10.653880825004421
3,0,0,9.672974149473854,9.654106313944117,9.509310957052156,10.304718357604845,9.45394204332744
3,0,0,10.80294274199548,10.43171783511664,10.48128818678344,10.559023236835765,11.579365437649917
3,0,0,10.80294274199548,10.43171783511664,10.48128818678344,10.559023236835765,11.579365437649917
3,0,0,10.80294274199548,10.43171783511664,10.48128818678344,10.559023236835765,11.579365437649917
4,0,0,10.80294274199548,10.43171783511664,10.48128818678344,10.559023236835765,11.579365437649917
3,0,0,10.80294274199548,10.43171783511664,10.48128818678344,10.559023236835765,11.579365437649917
3,0,0,8.79286597652142,8.935469981591492,8.488795088098898,8.551241075385699,8.930948194139425
4,0,0,10.80294274199548,10.43171783511664,10.48128818678344,10.559023236835765,11.579365437649917
4,0,0,10.80294274199548,10.43171783511664,10.48128818678344,10.559023236835765,11.579365437649917
3,0,0,10.80294274199548,10.43171783511664,10.48128818678344,10.559023236835765,11.579365437649917
3,0,0,10.80294274199548,10.43171783511664,10.48128818678344,10.559023236835765,11.579365437649917
3,0,0,10.80294274199548,10.43171783511664,10.48128818678344,10.559023236835765,11.579365437649917
4,0,0,10.80294274199548,10.43171783511664,10.48128818678344,10.559023236835765,11.579365437649917
3,0,0,10.80294274199548,10.43171783511664,10.48128818678344,10.559023236835765,11.579365437649917
3,0,0,10.80294274199548,10.43171783511664,10.48128818678344,10.559023236835765,11.579365437649917
3,0,0,10.80294274199548,10.43171783511664,10.48128818678344,10.559023236835765,11.579365437649917
3,0,0,10.80294274199548,10.43171783511664,10.48128818678344,10.559023236835765,11.579365437649917
4,0,0,10.80294274199548,10.43171783511664,10.48128818678344,10.559023236835765,11.579365437649917
3,0,0,10.80294274199548,10.43171783511664,10.48128818678344,10.559023236835765,11.579365437649917
4,0,0,10.80294274199548,10.43171783511664,10.48128818678344,10.559023236835765,11.579365437649917
4,0,0,10.80294274199548,10.43171783511664,10.48128818678344,10.559023236835765,11.579365437649917
3,0,0,10.80294274199548,10.43171783511664,10.48128818678344,10.559023236835765,11.579365437649917
3,0,0,10.80294274199548,10.43171783511664,10.48128818678344,10.559023236835765,11.579365437649917
0,0,0,10.80294274199548,10.43171783511664,10.48128818678344,10.559023236835765,11.579365437649917
5,0,0,10.80294274199548,10.43171783511664,10.48128818678344,10.559023236835765,11.579365437649917
4,0,0,10.80294274199548,10.43171783511664,10.48128818678344,10.559023236835765,11.579365437649917
4,0,0,10.80294274199548,10.43171783511664,10.48128818678344,10.559023236835765,11.579365437649917
4,0,0,10.80294274199548,10.43171783511664,10.48128818678344,10.559023236835765,11.579365437649917
4,0,0,10.80294274199548,10.43171783511664,10.48128818678344,10.559023236835765,11.579365437649917
4,0,0,10.80294274199548,10.43171783511664,10.48128818678344,10.559023236835765,11.579365437649917
5,0,0,10.80294274199548,10.43171783511664,10.48128818678344,10.559023236835765,11.579365437649917
4,0,0,10.80294274199548,10.43171783511664,10.48128818678344,10.559023236835765,11.579365437649917
4,0,0,10.80294274199548,10.43171783511664,10.48128818678344,10.559023236835765,11.579365437649917
3,0,0,9.418795480609408,9.233509045095275,9.156000899590214,9.72313913200611,9.47683789363934
4,0,0,10.80294274199548,10.43171783511664,10.48128818678344,10.559023236835765,11.579365437649917
4,0,0,10.80294274199548,10.43171783511664,10.48128818678344,10.559023236835765,11.579365437649917
5,0,0,10.80294274199548,10.43171783511664,10.48128818678344,10.559023236835765,11.579365437649917
4,0,0,10.80294274199548,10.43171783511664,10.48128818678344,10.559023236835765,11.579365437649917
5,0,0,10.80294274199548,10.43171783511664,10.48128818678344,10.559023236835765,11.579365437649917
4,0,0,10.80294274199548,10.43171783511664,10.48128818678344,10.559023236835765,11.579365437649917
5,0,0,10.80294274199548,10.43171783511664,10.48128818678344,10.559023236835765,11.579365437649917
3,0,0,10.80294274199548,10.43171783511664,10.48128818678344,10.559023236835765,11.579365437649917
3,0,0,10.80294274199548,10.43171783511664,10.48128818678344,10.559023236835765,11.579365437649917
3,0,0,10.80294274199548,10.43171783511664,10.48128818678344,10.559023236835765,11.579365437649917
3,0,0,10.80294274199548,10.43171783511664,10.48128818678344,10.559023236835765,11.579365437649917
4,0,0,10.80294274199548,10.43171783511664,10.48128818678344,10.559023236835765,11.579365437649917
5,0,0,10.80294274199548,10.43171783511664,10.48128818678344,10.559023236835765,11.579365437649917
4,0,0,9.418795480609408,9.233509045095275,9.156000899590214,9.72313913200611,9.47683789363934
3,0,0,10.80294274199548,10.43171783511664,10.48128818678344,10.559023236835765,11.579365437649917
3,0,0,10.80294274199548,10.43171783511664,10.48128818678344,10.559023236835765,11.579365437649917
3,0,0,10.80294274199548,10.43171783511664,10.48128818678344,10.559023236835765,11.579365437649917
3,0,0,10.80294274199548,10.43171783511664,10.48128818678344,10.559023236835765,11.579365437649917
3,0,0,10.80294274199548,10.43171783511664,10.48128818678344,10.559023236835765,11.579365437649917
3,0,0,10.80294274199548,10.43171783511664,10.48128818678344,10.559023236835765,11.579365437649917
4,0,0,10.80294274199548,10.43171783511664,10.48128818678344,10.559023236835765,11.579365437649917
3,0,0,10.80294274199548,10.43171783511664,10.48128818678344,10.559023236835765,11.579365437649917
4,0,0,10.80294274199548,10.43171783511664,10.48128818678344,10.559023236835765,11.579365437649917
0,0,0,10.80294274199548,10.43171783511664,10.48128818678344,10.559023236835765,11.579365437649917
3,0,0,10.80294274199548,10.43171783511664,10.48128818678344,10.559023236835765,11.579365437649917
3,0,0,10.80294274199548,10.43171783511664,10.48128818678344,10.559023236835765,11.579365437649917
3,0,0,10.80294274199548,10.43171783511664,10.48128818678344,10.559023236835765,11.579365437649917
5,0,0,10.80294274199548,10.43171783511664,10.48128818678344,10.559023236835765,11.579365437649917
5,0,0,10.80294274199548,10.43171783511664,10.48128818678344,10.559023236835765,11.579365437649917
5,0,0,10.80294274199548,10.43171783511664,10.48128818678344,10.559023236835765,11.579365437649917
5,1,0,10.80294274199548,10.43171783511664,10.48128818678344,10.559023236835765,11.579365437649917
5,1,0,10.80294274199548,10.43171783511664,10.48128818678344,10.559023236835765,11.579365437649917
3,0,0,9.17282686025867,9.105291933569475,9.002031676936635,9.14968284350856,9.405178637637338
5,0,0,10.80294274199548,10.43171783511664,10.48128818678344,10.559023236835765,11.579365437649917
5,0,1,10.80294274199548,10.43171783511664,10.48128818678344,10.559023236835765,11.579365437649917
5,0,1,10.80294274199548,10.43171783511664,10.48128818678344,10.559023236835765,11.579365437649917
5,0,1,10.80294274199548,10.43171783511664,10.48128818678344,10.559023236835765,11.579365437649917
4,0,0,10.80294274199548,10.43171783511664,10.48128818678344,10.559023236835765,11.579365437649917
3,0,0,10.80294274199548,10.43171783511664,10.48128818678344,10.559023236835765,11.579365437649917
3,0,0,10.80294274199548,10.43171783511664,10.48128818678344,10.559023236835765,11.579365437649917
3,0,0,10.80294274199548,10.43171783511664,10.48128818678344,10.559023236835765,11.579365437649917
5,0,0,10.80294274199548,10.43171783511664,10.48128818678344,10.559023236835765,11.579365437649917
5,1,0,10.80294274199548,10.43171783511664,10.48128818678344,10.559023236835765,11.579365437649917
3,0,0,10.80294274199548,10.43171783511664,10.48128818678344,10.559023236835765,11.579365437649917
4,0,0,10.80294274199548,10.43171783511664,10.48128818678344,10.559023236835765,11.579365437649917
3,0,0,10.80294274199548,10.43171783511664,10.48128818678344,10.559023236835765,11.579365437649917
4,0,0,10.80294274199548,10.43171783511664,10.48128818678344,10.559023236835765,11.579365437649917
3,0,0,10.80294274199548,10.43171783511664,10.48128818678344,10.559023236835765,11.579365437649917
4,1,0,10.80294274199548,10.43171783511664,10.48128818678344,10.559023236835765,11.579365437649917
0,0,1,10.80294274199548,10.43171783511664,10.48128818678344,10.559023236835765,11.579365437649917
3,0,0,9.17282686025867,9.105291933569475,9.002031676936635,9.14968284350856,9.405178637637338
5,0,1,10.80294274199548,10.43171783511664,10.48128818678344,10.559023236835765,11.579365437649917
3,0,0,10.80294274199548,10.43171783511664,10.48128818678344,10.559023236835765,11.579365437649917
3,0,0,10.80294274199548,10.43171783511664,10.48128818678344,10.559023236835765,11.579365437649917
3,0,0,10.80294274199548,10.43171783511664,10.48128818678344,10.559023236835765,11.579365437649917
3,0,0,10.80294274199548,10.43171783511664,10.48128818678344,10.559023236835765,11.579365437649917
3,0,0,10.80294274199548,10.43171783511664,10.48128818678344,10.559023236835765,11.579365437649917
4,0,0,9.17282686025867,9.105291933569475,9.002031676936635,9.14968284350856,9.405178637637338
0,0,0,10.80294274199548,10.43171783511664,10.48128818678344,10.559023236835765,11.579365437649917
4,0,0,9.418795480609408,9.233509045095275,9.156000899590214,9.72313913200611,9.47683789363934
4,0,0,10.80294274199548,10.43171783511664,10.48128818678344,10.559023236835765,11.579365437649917
3,0,0,9.418795480609408,9.233509045095275,9.156000899590214,9.72313913200611,9.47683789363934
5,0,0,10.80294274199548,10.43171783511664,10.48128818678344,10.559023236835765,11.579365437649917
3,1,0,10.80294274199548,10.43171783511664,10.48128818678344,10.559023236835765,11.579365437649917
3,0,0,10.80294274199548,10.43171783511664,10.48128818678344,10.559023236835765,11.579365437649917
3,0,0,10.80294274199548,10.43171783511664,10.48128818678344,10.559023236835765,11.579365437649917
3,0,0,10.80294274199548,10.43171783511664,10.48128818678344,10.559023236835765,11.579365437649917
3,0,1,10.80294274199548,10.43171783511664,10.48128818678344,10.559023236835765,11.579365437649917
3,1,0,10.80294274199548,10.43171783511664,10.48128818678344,10.559023236835765,11.579365437649917
5,0,1,10.80294274199548,10.43171783511664,10.48128818678344,10.559023236835765,11.579365437649917
2,0,0,10.80294274199548,10.43171783511664,10.48128818678344,10.559023236835765,11.579365437649917
3,1,0,10.80294274199548,10.43171783511664,10.48128818678344,10.559023236835765,11.579365437649917
3,0,0,10.80294274199548,10.43171783511664,10.48128818678344,10.559023236835765,11.579365437649917
3,0,0,10.80294274199548,10.43171783511664,10.48128818678344,10.559023236835765,11.579365437649917
3,0,0,10.80294274199548,10.43171783511664,10.48128818678344,10.559023236835765,11.579365437649917
3,0,0,10.80294274199548,10.43171783511664,10.48128818678344,10.559023236835765,11.579365437649917
3,0,0,10.80294274199548,10.43171783511664,10.48128818678344,10.559023236835765,11.579365437649917
3,0,0,9.17282686025867,9.105291933569475,9.002031676936635,9.14968284350856,9.405178637637338
4,0,0,9.17282686025867,9.105291933569475,9.002031676936635,9.14968284350856,9.405178637637338
3,0,0,10.80294274199548,10.43171783511664,10.48128818678344,10.559023236835765,11.579365437649917
5,0,1,10.80294274199548,10.43171783511664,10.48128818678344,10.559023236835765,11.579365437649917
4,0,0,10.80294274199548,10.43171783511664,10.48128818678344,10.559023236835765,11.579365437649917
5,0,0,10.80294274199548,10.43171783511664,10.48128818678344,10.559023236835765,11.579365437649917
4,0,0,10.80294274199548,10.43171783511664,10.48128818678344,10.559023236835765,11.579365437649917
3,0,0,10.80294274199548,10.43171783511664,10.48128818678344,10.559023236835765,11.579365437649917
3,0,0,10.80294274199548,10.43171783511664,10.48128818678344,10.559023236835765,11.579365437649917
4,0,0,10.80294274199548,10.43171783511664,10.48128818678344,10.559023236835765,11.579365437649917
4,0,0,10.80294274199548,10.43171783511664,10.48128818678344,10.559023236835765,11.579365437649917
4,0,0,10.80294274199548,10.43171783511664,10.48128818678344,10.559023236835765,11.579365437649917
4,0,0,10.80294274199548,10.43171783511664,10.48128818678344,10.559023236835765,11.579365437649917
4,0,0,10.80294274199548,10.43171783511664,10.48128818678344,10.559023236835765,11.579365437649917
4,0,0,10.80294274199548,10.43171783511664,10.48128818678344,10.559023236835765,11.579365437649917
5,0,0,10.80294274199548,10.43171783511664,10.48128818678344,10.559023236835765,11.579365437649917
5,0,0,10.80294274199548,10.43171783511664,10.48128818678344,10.559023236835765,11.579365437649917
3,1,0,8.856108581872936,8.732770117753507,8.731292550281209,9.112376744496721,9.040136816338201
4,0,0,9.418795480609408,9.233509045095275,9.156000899590214,9.72313913200611,9.47683789363934
4,0,0,10.80294274199548,10.43171783511664,10.48128818678344,10.559023236835765,11.579365437649917
4,0,0,10.80294274199548,10.43171783511664,10.48128818678344,10.559023236835765,11.579365437649917
5,0,0,10.80294274199548,10.43171783511664,10.48128818678344,10.559023236835765,11.579365437649917
4,0,0,10.80294274199548,10.43171783511664,10.48128818678344,10.559023236835765,11.579365437649917
3,0,0,10.80294274199548,10.43171783511664,10.48128818678344,10.559023236835765,11.579365437649917
4,0,0,10.80294274199548,10.43171783511664,10.48128818678344,10.559023236835765,11.579365437649917
4,1,0,10.80294274199548,10.43171783511664,10.48128818678344,10.559023236835765,11.579365437649917
4,0,0,9.17282686025867,9.105291933569475,9.002031676936635,9.14968284350856,9.405178637637338
4,0,0,9.17282686025867,9.105291933569475,9.002031676936635,9.14968284350856,9.405178637637338
4,0,0,10.80294274199548,10.43171783511664,10.48128818678344,10.559023236835765,11.579365437649917
4,0,0,9.418795480609408,9.233509045095275,9.156000899590214,9.72313913200611,9.47683789363934
4,0,0,9.418795480609408,9.233509045095275,9.156000899590214,9.72313913200611,9.47683789363934
4,0,0,9.418795480609408,9.233509045095275,9.156000899590214,9.72313913200611,9.47683789363934
4,0,0,9.17282686025867,9.105291933569475,9.002031676936635,9.14968284350856,9.405178637637338
4,0,0,9.418795480609408,9.233509045095275,9.156000899590214,9.72313913200611,9.47683789363934
4,0,0,9.17282686025867,9.105291933569475,9.002031676936635,9.14968284350856,9.405178637637338
4,1,0,10.80294274199548,10.43171783511664,10.48128818678344,10.559023236835765,11.579365437649917
4,1,0,10.80294274199548,10.43171783511664,10.48128818678344,10.559023236835765,11.579365437649917
4,1,0,10.80294274199548,10.43171783511664,10.48128818678344,10.559023236835765,11.579365437649917
4,0,0,10.80294274199548,10.43171783511664,10.48128818678344,10.559023236835765,11.579365437649917
4,1,0,10.80294274199548,10.43171783511664,10.48128818678344,10.559023236835765,11.579365437649917
5,0,0,10.80294274199548,10.43171783511664,10.48128818678344,10.559023236835765,11.579365437649917
5,0,0,10.80294274199548,10.43171783511664,10.48128818678344,10.559023236835765,11.579365437649917
5,0,1,10.80294274199548,10.43171783511664,10.48128818678344,10.559023236835765,11.579365437649917
5,0,0,10.80294274199548,10.43171783511664,10.48128818678344,10.559023236835765,11.579365437649917
5,0,0,10.80294274199548,10.43171783511664,10.48128818678344,10.559023236835765,11.579365437649917
4,0,0,9.418795480609408,9.233509045095275,9.156000899590214,9.72313913200611,9.47683789363934
4,0,0,10.80294274199548,10.43171783511664,10.48128818678344,10.559023236835765,11.579365437649917
4,0,0,9.418795480609408,9.233509045095275,9.156000899590214,9.72313913200611,9.47683789363934
3,0,0,9.17282686025867,9.105291933569475,9.002031676936635,9.14968284350856,9.405178637637338
5,0,0,10.80294274199548,10.43171783511664,10.48128818678344,10.559023236835765,11.579365437649917
3,0,0,9.418795480609408,9.233509045095275,9.156000899590214,9.72313913200611,9.47683789363934
4,0,0,10.80294274199548,10.43171783511664,10.48128818678344,10.559023236835765,11.579365437649917
5,0,0,9.418795480609408,9.233509045095275,9.156000899590214,9.72313913200611,9.47683789363934
5,0,0,10.80294274199548,10.43171783511664,10.48128818678344,10.559023236835765,11.579365437649917
3,0,1,10.80294274199548,10.43171783511664,10.48128818678344,10.559023236835765,11.579365437649917
5,0,1,10.80294274199548,10.43171783511664,10.48128818678344,10.559023236835765,11.579365437649917
3,0,0,10.80294274199548,10.43171783511664,10.48128818678344,10.559023236835765,11.579365437649917
3,0,0,10.80294274199548,10.43171783511664,10.48128818678344,10.559023236835765,11.579365437649917
3,0,0,10.80294274199548,10.43171783511664,10.48128818678344,10.559023236835765,11.579365437649917
4,0,0,9.17282686025867,9.105291933569475,9.002031676936635,9.14968284350856,9.405178637637338
3,0,0,9.418795480609408,9.233509045095275,9.156000899590214,9.72313913200611,9.47683789363934
3,0,0,9.418795480609408,9.233509045095275,9.156000899590214,9.72313913200611,9.47683789363934
3,0,0,10.80294274199548,10.43171783511664,10.48128818678344,10.559023236835765,11.579365437649917
3,0,0,9.418795480609408,9.233509045095275,9.156000899590214,9.72313913200611,9.47683789363934
3,0,0,10.80294274199548,10.43171783511664,10.48128818678344,10.559023236835765,11.579365437649917
4,0,0,10.80294274199548,10.43171783511664,10.48128818678344,10.559023236835765,11.579365437649917
4,1,0,10.80294274199548,10.43171783511664,10.48128818678344,10.559023236835765,11.579365437649917
3,0,0,10.80294274199548,10.43171783511664,10.48128818678344,10.559023236835765,11.579365437649917
3,0,0,10.80294274199548,10.43171783511664,10.48128818678344,10.559023236835765,11.579365437649917
3,0,1,10.80294274199548,10.43171783511664,10.48128818678344,10.559023236835765,11.579365437649917
3,0,0,10.80294274199548,10.43171783511664,10.48128818678344,10.559023236835765,11.579365437649917
3,0,0,10.80294274199548,10.43171783511664,10.48128818678344,10.559023236835765,11.579365437649917
3,0,0,9.587267372094079,9.992041440491255,9.394633490603619,9.636725684240963,9.566108242154531
3,0,0,10.80294274199548,10.43171783511664,10.48128818678344,10.559023236835765,11.579365437649917
4,0,0,10.80294274199548,10.43171783511664,10.48128818678344,10.559023236835765,11.579365437649917
3,0,0,10.80294274199548,10.43171783511664,10.48128818678344,10.559023236835765,11.579365437649917
4,0,0,9.17282686025867,9.105291933569475,9.002031676936635,9.14968284350856,9.405178637637338
4,0,0,9.17282686025867,9.105291933569475,9.002031676936635,9.14968284350856,9.405178637637338
4,0,0,10.80294274199548,10.43171783511664,10.48128818678344,10.559023236835765,11.579365437649917
5,0,0,10.80294274199548,10.43171783511664,10.48128818678344,10.559023236835765,11.579365437649917
3,0,0,10.80294274199548,10.43171783511664,10.48128818678344,10.559023236835765,11.579365437649917
4,0,0,10.80294274199548,10.43171783511664,10.48128818678344,10.559023236835765,11.579365437649917
3,0,0,10.80294274199548,10.43171783511664,10.48128818678344,10.559023236835765,11.579365437649917
3,0,0,10.80294274199548,10.43171783511664,10.48128818678344,10.559023236835765,11.579365437649917
3,0,0,10.80294274199548,10.43171783511664,10.48128818678344,10.559023236835765,11.579365437649917
3,0,0,10.80294274199548,10.43171783511664,10.48128818678344,10.559023236835765,11.579365437649917
4,0,0,10.80294274199548,10.43171783511664,10.48128818678344,10.559023236835765,11.579365437649917
3,0,0,10.80294274199548,10.43171783511664,10.48128818678344,10.559023236835765,11.579365437649917
4,0,0,9.418795480609408,9.233509045095275,9.156000899590214,9.72313913200611,9.47683789363934
3,0,0,9.418795480609408,9.233509045095275,9.156000899590214,9.72313913200611,9.47683789363934
3,0,0,10.80294274199548,10.43171783511664,10.48128818678344,10.559023236835765,11.579365437649917
3,0,0,10.80294274199548,10.43171783511664,10.48128818678344,10.559023236835765,11.579365437649917
3,0,0,9.17282686025867,9.105291933569475,9.002031676936635,9.14968284350856,9.405178637637338
3,0,0,10.80294274199548,10.43171783511664,10.48128818678344,10.559023236835765,11.579365437649917
3,0,0,10.80294274199548,10.43171783511664,10.48128818678344,10.559023236835765,11.579365437649917
3,0,0,10.80294274199548,10.43171783511664,10.48128818678344,10.559023236835765,11.579365437649917
3,0,0,10.80294274199548,10.43171783511664,10.48128818678344,10.559023236835765,11.579365437649917
3,0,0,10.80294274199548,10.43171783511664,10.48128818678344,10.559023236835765,11.579365437649917
4,0,0,10.80294274199548,10.43171783511664,10.48128818678344,10.559023236835765,11.579365437649917
3,0,0,10.80294274199548,10.43171783511664,10.48128818678344,10.559023236835765,11.579365437649917
4,0,0,10.80294274199548,10.43171783511664,10.48128818678344,10.559023236835765,11.579365437649917
4,0,0,9.418795480609408,9.233509045095275,9.156000899590214,9.72313913200611,9.47683789363934
3,0,0,10.80294274199548,10.43171783511664,10.48128818678344,10.559023236835765,11.579365437649917
3,0,0,10.80294274199548,10.43171783511664,10.48128818678344,10.559023236835765,11.579365437649917
3,0,0,10.80294274199548,10.43171783511664,10.48128818678344,10.559023236835765,11.579365437649917
3,0,0,10.80294274199548,10.43171783511664,10.48128818678344,10.559023236835765,11.579365437649917
3,0,0,9.418795480609408,9.233509045095275,9.156000899590214,9.72313913200611,9.47683789363934
3,0,0,10.80294274199548,10.43171783511664,10.48128818678344,10.559023236835765,11.579365437649917
3,0,0,10.80294274199548,10.43171783511664,10.48128818678344,10.559023236835765,11.579365437649917
3,0,0,9.418795480609408,9.233509045095275,9.156000899590214,9.72313913200611,9.47683789363934
5,0,1,10.80294274199548,10.43171783511664,10.48128818678344,10.559023236835765,11.579365437649917
3,0,0,10.80294274199548,10.43171783511664,10.48128818678344,10.559023236835765,11.579365437649917
4,0,0,10.80294274199548,10.43171783511664,10.48128818678344,10.559023236835765,11.579365437649917
4,0,0,10.80294274199548,10.43171783511664,10.48128818678344,10.559023236835765,11.579365437649917
4,0,0,9.418795480609408,9.233509045095275,9.156000899590214,9.72313913200611,9.47683789363934
4,0,0,10.80294274199548,10.43171783511664,10.48128818678344,10.559023236835765,11.579365437649917
4,0,0,10.80294274199548,10.43171783511664,10.48128818678344,10.559023236835765,11.579365437649917
0,0,0,10.80294274199548,10.43171783511664,10.48128818678344,10.559023236835765,11.579365437649917
4,0,0,10.80294274199548,10.43171783511664,10.48128818678344,10.559023236835765,11.579365437649917
3,0,0,10.80294274199548,10.43171783511664,10.48128818678344,10.559023236835765,11.579365437649917
4,0,0,10.80294274199548,10.43171783511664,10.48128818678344,10.559023236835765,11.579365437649917
3,0,0,9.418795480609408,9.233509045095275,9.156000899590214,9.72313913200611,9.47683789363934
3,0,0,10.80294274199548,10.43171783511664,10.48128818678344,10.559023236835765,11.579365437649917
4,0,0,9.418795480609408,9.233509045095275,9.156000899590214,9.72313913200611,9.47683789363934
4,0,0,10.80294274199548,10.43171783511664,10.48128818678344,10.559023236835765,11.579365437649917
4,0,0,10.80294274199548,10.43171783511664,10.48128818678344,10.559023236835765,11.579365437649917
2,0,0,10.80294274199548,10.43171783511664,10.48128818678344,10.559023236835765,11.579365437649917
3,0,0,10.80294274199548,10.43171783511664,10.48128818678344,10.559023236835765,11.579365437649917
3,0,0,10.80294274199548,10.43171783511664,10.48128818678344,10.559023236835765,11.579365437649917
5,0,0,10.80294274199548,10.43171783511664,10.48128818678344,10.559023236835765,11.579365437649917
3,0,0,10.80294274199548,10.43171783511664,10.48128818678344,10.559023236835765,11.579365437649917
3,0,0,10.80294274199548,10.43171783511664,10.48128818678344,10.559023236835765,11.579365437649917
3,0,0,10.80294274199548,10.43171783511664,10.48128818678344,10.559023236835765,11.579365437649917
4,0,0,10.80294274199548,10.43171783511664,10.48128818678344,10.559023236835765,11.579365437649917
3,0,0,10.80294274199548,10.43171783511664,10.48128818678344,10.559023236835765,11.579365437649917
4,0,0,10.80294274199548,10.43171783511664,10.48128818678344,10.559023236835765,11.579365437649917
4,0,0,10.80294274199548,10.43171783511664,10.48128818678344,10.559023236835765,11.579365437649917
4,0,0,10.80294274199548,10.43171783511664,10.48128818678344,10.559023236835765,11.579365437649917
3,0,0,10.80294274199548,10.43171783511664,10.48128818678344,10.559023236835765,11.579365437649917
4,0,0,10.80294274199548,10.43171783511664,10.48128818678344,10.559023236835765,11.579365437649917
4,0,0,9.418795480609408,9.233509045095275,9.156000899590214,9.72313913200611,9.47683789363934
4,0,0,10.80294274199548,10.43171783511664,10.48128818678344,10.559023236835765,11.579365437649917
4,0,0,10.80294274199548,10.43171783511664,10.48128818678344,10.559023236835765,11.579365437649917
3,0,0,10.80294274199548,10.43171783511664,10.48128818678344,10.559023236835765,11.579365437649917
3,0,0,10.80294274199548,10.43171783511664,10.48128818678344,10.559023236835765,11.579365437649917
3,0,0,10.80294274199548,10.43171783511664,10.48128818678344,10.559023236835765,11.579365437649917
4,0,0,10.80294274199548,10.43171783511664,10.48128818678344,10.559023236835765,11.579365437649917
3,0,0,10.80294274199548,10.43171783511664,10.48128818678344,10.559023236835765,11.579365437649917
3,0,1,10.80294274199548,10.43171783511664,10.48128818678344,10.559023236835765,11.579365437649917
3,0,0,10.80294274199548,10.43171783511664,10.48128818678344,10.559023236835765,11.579365437649917
3,0,1,10.80294274199548,10.43171783511664,10.48128818678344,10.559023236835765,11.579365437649917
3,0,1,10.80294274199548,10.43171783511664,10.48128818678344,10.559023236835765,11.579365437649917
3,1,0,10.80294274199548,10.43171783511664,10.48128818678344,10.559023236835765,11.579365437649917
5,0,0,10.80294274199548,10.43171783511664,10.48128818678344,10.559023236835765,11.579365437649917
5,0,1,10.80294274199548,10.43171783511664,10.48128818678344,10.559023236835765,11.579365437649917
5,0,1,10.80294274199548,10.43171783511664,10.48128818678344,10.559023236835765,11.579365437649917
4,0,0,10.80294274199548,10.43171783511664,10.48128818678344,10.559023236835765,11.579365437649917
3,0,1,10.80294274199548,10.43171783511664,10.48128818678344,10.559023236835765,11.579365437649917
3,0,0,10.80294274199548,10.43171783511664,10.48128818678344,10.559023236835765,11.579365437649917
3,0,0,10.80294274199548,10.43171783511664,10.48128818678344,10.559023236835765,11.579365437649917
3,0,0,10.80294274199548,10.43171783511664,10.48128818678344,10.559023236835765,11.579365437649917
3,0,0,10.80294274199548,10.43171783511664,10.48128818678344,10.559023236835765,11.579365437649917
3,0,0,10.80294274199548,10.43171783511664,10.48128818678344,10.559023236835765,11.579365437649917
4,0,0,10.80294274199548,10.43171783511664,10.48128818678344,10.559023236835765,11.579365437649917
4,0,0,10.80294274199548,10.43171783511664,10.48128818678344,10.559023236835765,11.579365437649917
4,0,0,10.80294274199548,10.43171783511664,10.48128818678344,10.559023236835765,11.579365437649917
3,0,0,10.80294274199548,10.43171783511664,10.48128818678344,10.559023236835765,11.579365437649917
4,0,0,10.80294274199548,10.43171783511664,10.48128818678344,10.559023236835765,11.579365437649917
4,0,0,10.80294274199548,10.43171783511664,10.48128818678344,10.559023236835765,11.579365437649917
4,0,0,10.80294274199548,10.43171783511664,10.48128818678344,10.559023236835765,11.579365437649917
4,0,0,10.80294274199548,10.43171783511664,10.48128818678344,10.559023236835765,11.579365437649917
4,0,0,10.80294274199548,10.43171783511664,10.48128818678344,10.559023236835765,11.579365437649917
4,0,0,9.418795480609408,9.233509045095275,9.156000899590214,9.72313913200611,9.47683789363934
0,0,0,10.80294274199548,10.43171783511664,10.48128818678344,10.559023236835765,11.579365437649917
4,0,0,10.80294274199548,10.43171783511664,10.48128818678344,10.559023236835765,11.579365437649917
3,0,0,10.80294274199548,10.43171783511664,10.48128818678344,10.559023236835765,11.579365437649917
3,0,0,10.80294274199548,10.43171783511664,10.48128818678344,10.559023236835765,11.579365437649917
3,0,1,10.80294274199548,10.43171783511664,10.48128818678344,10.559023236835765,11.579365437649917
3,0,0,9.405728256914799,9.350784887760444,9.199009370952796,10.214080097399401,9.337363259126239
3,0,0,10.80294274199548,10.43171783511664,10.48128818678344,10.559023236835765,11.579365437649917
3,0,0,10.80294274199548,10.43171783511664,10.48128818678344,10.559023236835765,11.579365437649917
3,0,0,10.80294274199548,10.43171783511664,10.48128818678344,10.559023236835765,11.579365437649917
3,0,0,10.80294274199548,10.43171783511664,10.48128818678344,10.559023236835765,11.579365437649917
3,0,0,10.80294274199548,10.43171783511664,10.48128818678344,10.559023236835765,11.579365437649917
3,0,0,10.80294274199548,10.43171783511664,10.48128818678344,10.559023236835765,11.579365437649917
3,0,1,10.80294274199548,10.43171783511664,10.48128818678344,10.559023236835765,11.579365437649917
3,0,0,10.80294274199548,10.43171783511664,10.48128818678344,10.559023236835765,11.579365437649917
3,0,0,9.418795480609408,9.233509045095275,9.156000899590214,9.72313913200611,9.47683789363934
4,0,0,10.80294274199548,10.43171783511664,10.48128818678344,10.559023236835765,11.579365437649917
4,0,0,10.80294274199548,10.43171783511664,10.48128818678344,10.559023236835765,11.579365437649917
3,0,0,10.80294274199548,10.43171783511664,10.48128818678344,10.559023236835765,11.579365437649917
3,0,0,10.80294274199548,10.43171783511664,10.48128818678344,10.559023236835765,11.579365437649917
3,0,0,9.418795480609408,9.233509045095275,9.156000899590214,9.72313913200611,9.47683789363934
3,0,0,9.418795480609408,9.233509045095275,9.156000899590214,9.72313913200611,9.47683789363934
3,0,0,10.80294274199548,10.43171783511664,10.48128818678344,10.559023236835765,11.579365437649917
3,0,0,10.80294274199548,10.43171783511664,10.48128818678344,10.559023236835765,11.579365437649917
3,0,0,10.80294274199548,10.43171783511664,10.48128818678344,10.559023236835765,11.579365437649917
4,0,0,10.80294274199548,10.43171783511664,10.48128818678344,10.559023236835765,11.579365437649917
4,0,0,10.80294274199548,10.43171783511664,10.48128818678344,10.559023236835765,11.579365437649917
4,0,0,10.80294274199548,10.43171783511664,10.48128818678344,10.559023236835765,11.579365437649917
3,0,0,10.80294274199548,10.43171783511664,10.48128818678344,10.559023236835765,11.579365437649917
3,0,0,10.80294274199548,10.43171783511664,10.48128818678344,10.559023236835765,11.579365437649917
3,0,0,10.80294274199548,10.43171783511664,10.48128818678344,10.559023236835765,11.579365437649917
3,0,0,10.80294274199548,10.43171783511664,10.48128818678344,10.559023236835765,11.579365437649917
3,0,0,10.80294274199548,10.43171783511664,10.48128818678344,10.559023236835765,11.579365437649917
3,0,0,10.80294274199548,10.43171783511664,10.48128818678344,10.559023236835765,11.579365437649917
3,0,0,10.80294274199548,10.43171783511664,10.48128818678344,10.559023236835765,11.579365437649917
4,0,0,10.80294274199548,10.43171783511664,10.48128818678344,10.559023236835765,11.579365437649917
4,0,0,9.418795480609408,9.233509045095275,9.156000899590214,9.72313913200611,9.47683789363934
4,0,0,10.80294274199548,10.43171783511664,10.48128818678344,10.559023236835765,11.579365437649917
3,0,0,10.80294274199548,10.43171783511664,10.48128818678344,10.559023236835765,11.579365437649917
5,0,0,10.80294274199548,10.43171783511664,10.48128818678344,10.559023236835765,11.579365437649917
3,0,0,10.80294274199548,10.43171783511664,10.48128818678344,10.559023236835765,11.579365437649917
3,0,0,10.80294274199548,10.43171783511664,10.48128818678344,10.559023236835765,11.579365437649917
3,0,1,10.80294274199548,10.43171783511664,10.48128818678344,10.559023236835765,11.579365437649917
3,0,0,10.80294274199548,10.43171783511664,10.48128818678344,10.559023236835765,11.579365437649917
3,0,0,9.418795480609408,9.233509045095275,9.156000899590214,9.72313913200611,9.47683789363934
3,0,0,9.418795480609408,9.233509045095275,9.156000899590214,9.72313913200611,9.47683789363934
3,0,0,10.80294274199548,10.43171783511664,10.48128818678344,10.559023236835765,11.579365437649917
4,0,0,10.80294274199548,10.43171783511664,10.48128818678344,10.559023236835765,11.579365437649917
3,0,0,10.80294274199548,10.43171783511664,10.48128818678344,10.559023236835765,11.579365437649917
4,0,0,10.80294274199548,10.43171783511664,10.48128818678344,10.559023236835765,11.579365437649917
4,0,0,10.80294274199548,10.43171783511664,10.48128818678344,10.559023236835765,11.579365437649917
4,0,0,9.418795480609408,9.233509045095275,9.156000899590214,9.72313913200611,9.47683789363934
4,0,0,10.80294274199548,10.43171783511664,10.48128818678344,10.559023236835765,11.579365437649917
3,0,0,10.80294274199548,10.43171783511664,10.48128818678344,10.559023236835765,11.579365437649917
4,0,1,10.80294274199548,10.43171783511664,10.48128818678344,10.559023236835765,11.579365437649917
4,0,0,10.80294274199548,10.43171783511664,10.48128818678344,10.559023236835765,11.579365437649917
3,0,0,9.418795480609408,9.233509045095275,9.156000899590214,9.72313913200611,9.47683789363934
4,0,0,9.418795480609408,9.233509045095275,9.156000899590214,9.72313913200611,9.47683789363934
4,0,0,10.80294274199548,10.43171783511664,10.48128818678344,10.559023236835765,11.579365437649917
4,0,0,10.80294274199548,10.43171783511664,10.48128818678344,10.559023236835765,11.579365437649917
4,0,0,10.80294274199548,10.43171783511664,10.48128818678344,10.559023236835765,11.579365437649917
3,0,0,10.80294274199548,10.43171783511664,10.48128818678344,10.559023236835765,11.579365437649917
3,0,0,10.80294274199548,10.43171783511664,10.48128818678344,10.559023236835765,11.579365437649917
4,0,0,10.80294274199548,10.43171783511664,10.48128818678344,10.559023236835765,11.579365437649917
4,0,0,10.80294274199548,10.43171783511664,10.48128818678344,10.559023236835765,11.579365437649917
3,0,0,10.80294274199548,10.43171783511664,10.48128818678344,10.559023236835765,11.579365437649917
3,0,0,10.80294274199548,10.43171783511664,10.48128818678344,10.559023236835765,11.579365437649917
4,0,0,9.418795480609408,9.233509045095275,9.156000899590214,9.72313913200611,9.47683789363934
4,1,0,9.418795480609408,9.233509045095275,9.156000899590214,9.72313913200611,9.47683789363934
4,0,0,9.418795480609408,9.233509045095275,9.156000899590214,9.72313913200611,9.47683789363934
3,0,0,10.80294274199548,10.43171783511664,10.48128818678344,10.559023236835765,11.579365437649917
4,0,0,10.80294274199548,10.43171783511664,10.48128818678344,10.559023236835765,11.579365437649917
3,0,0,9.418795480609408,9.233509045095275,9.156000899590214,9.72313913200611,9.47683789363934
3,0,0,9.418795480609408,9.233509045095275,9.156000899590214,9.72313913200611,9.47683789363934
4,0,0,10.80294274199548,10.43171783511664,10.48128818678344,10.559023236835765,11.579365437649917
3,0,0,10.80294274199548,10.43171783511664,10.48128818678344,10.559023236835765,11.579365437649917
4,0,0,9.405728256914799,9.350784887760444,9.199009370952796,10.214080097399401,9.337363259126239
0,0,0,10.80294274199548,10.43171783511664,10.48128818678344,10.559023236835765,11.579365437649917
3,0,0,10.80294274199548,10.43171783511664,10.48128818678344,10.559023236835765,11.579365437649917
4,0,0,10.80294274199548,10.43171783511664,10.48128818678344,10.559023236835765,11.579365437649917
4,0,0,10.80294274199548,10.43171783511664,10.48128818678344,10.559023236835765,11.579365437649917
4,0,0,9.405728256914799,9.350784887760444,9.199009370952796,10.214080097399401,9.337363259126239
3,0,0,10.80294274199548,10.43171783511664,10.48128818678344,10.559023236835765,11.579365437649917
4,0,0,10.80294274199548,10.43171783511664,10.48128818678344,10.559023236835765,11.579365437649917
4,0,0,10.80294274199548,10.43171783511664,10.48128818678344,10.559023236835765,11.579365437649917
3,0,0,9.418795480609408,9.233509045095275,9.156000899590214,9.72313913200611,9.47683789363934
3,0,0,10.80294274199548,10.43171783511664,10.48128818678344,10.559023236835765,11.579365437649917
3,0,0,10.80294274199548,10.43171783511664,10.48128818678344,10.559023236835765,11.579365437649917
4,0,0,10.80294274199548,10.43171783511664,10.48128818678344,10.559023236835765,11.579365437649917
3,0,0,10.80294274199548,10.43171783511664,10.48128818678344,10.559023236835765,11.579365437649917
4,0,0,10.80294274199548,10.43171783511664,10.48128818678344,10.559023236835765,11.579365437649917
3,0,0,10.80294274199548,10.43171783511664,10.48128818678344,10.559023236835765,11.579365437649917
3,0,0,10.80294274199548,10.43171783511664,10.48128818678344,10.559023236835765,11.579365437649917
3,0,0,10.80294274199548,10.43171783511664,10.48128818678344,10.559023236835765,11.579365437649917
3,0,0,10.80294274199548,10.43171783511664,10.48128818678344,10.559023236835765,11.579365437649917
4,0,0,10.80294274199548,10.43171783511664,10.48128818678344,10.559023236835765,11.579365437649917
4,0,0,10.80294274199548,10.43171783511664,10.48128818678344,10.559023236835765,11.579365437649917
3,0,0,10.80294274199548,10.43171783511664,10.48128818678344,10.559023236835765,11.579365437649917
3,0,0,10.80294274199548,10.43171783511664,10.48128818678344,10.559023236835765,11.579365437649917
3,0,0,10.80294274199548,10.43171783511664,10.48128818678344,10.559023236835765,11.579365437649917
5,0,0,10.80294274199548,10.43171783511664,10.48128818678344,10.559023236835765,11.579365437649917
3,0,0,10.80294274199548,10.43171783511664,10.48128818678344,10.559023236835765,11.579365437649917
5,0,0,10.80294274199548,10.43171783511664,10.48128818678344,10.559023236835765,11.579365437649917
3,0,0,10.80294274199548,10.43171783511664,10.48128818678344,10.559023236835765,11.579365437649917
3,0,0,10.80294274199548,10.43171783511664,10.48128818678344,10.559023236835765,11.579365437649917
3,0,0,10.80294274199548,10.43171783511664,10.48128818678344,10.559023236835765,11.579365437649917
4,0,0,10.80294274199548,10.43171783511664,10.48128818678344,10.559023236835765,11.579365437649917
4,0,0,10.80294274199548,10.43171783511664,10.48128818678344,10.559023236835765,11.579365437649917
4,0,0,10.80294274199548,10.43171783511664,10.48128818678344,10.559023236835765,11.579365437649917
3,0,0,10.80294274199548,10.43171783511664,10.48128818678344,10.559023236835765,11.579365437649917
4,1,0,10.80294274199548,10.43171783511664,10.48128818678344,10.559023236835765,11.579365437649917
4,1,0,10.80294274199548,10.43171783511664,10.48128818678344,10.559023236835765,11.579365437649917
3,1,0,10.80294274199548,10.43171783511664,10.48128818678344,10.559023236835765,11.579365437649917
4,0,0,10.80294274199548,10.43171783511664,10.48128818678344,10.559023236835765,11.579365437649917
4,0,0,10.80294274199548,10.43171783511664,10.48128818678344,10.559023236835765,11.579365437649917
4,0,1,10.80294274199548,10.43171783511664,10.48128818678344,10.559023236835765,11.579365437649917
3,0,0,10.80294274199548,10.43171783511664,10.48128818678344,10.559023236835765,11.579365437649917
3,0,0,10.80294274199548,10.43171783511664,10.48128818678344,10.559023236835765,11.579365437649917
3,0,0,10.80294274199548,10.43171783511664,10.48128818678344,10.559023236835765,11.579365437649917
4,1,0,10.80294274199548,10.43171783511664,10.48128818678344,10.559023236835765,11.579365437649917
3,0,0,10.80294274199548,10.43171783511664,10.48128818678344,10.559023236835765,11.579365437649917
5,0,0,10.80294274199548,10.43171783511664,10.48128818678344,10.559023236835765,11.579365437649917
5,0,0,10.80294274199548,10.43171783511664,10.48128818678344,10.559023236835765,11.579365437649917
5,0,0,10.80294274199548,10.43171783511664,10.48128818678344,10.559023236835765,11.579365437649917
3,0,0,10.80294274199548,10.43171783511664,10.48128818678344,10.559023236835765,11.579365437649917
3,0,0,10.80294274199548,10.43171783511664,10.48128818678344,10.559023236835765,11.579365437649917
4,0,0,9.418795480609408,9.233509045095275,9.156000899590214,9.72313913200611,9.47683789363934
3,0,0,10.80294274199548,10.43171783511664,10.48128818678344,10.559023236835765,11.579365437649917
4,0,0,10.80294274199548,10.43171783511664,10.48128818678344,10.559023236835765,11.579365437649917
4,0,0,10.80294274199548,10.43171783511664,10.48128818678344,10.559023236835765,11.579365437649917
3,0,0,10.80294274199548,10.43171783511664,10.48128818678344,10.559023236835765,11.579365437649917
4,0,0,10.764761974647838,10.43189336139333,10.20145673509334,12.208212471297685,10.527140933668381
4,0,0,10.80294274199548,10.43171783511664,10.48128818678344,10.559023236835765,11.579365437649917
3,0,0,10.80294274199548,10.43171783511664,10.48128818678344,10.559023236835765,11.579365437649917
3,0,0,10.80294274199548,10.43171783511664,10.48128818678344,10.559023236835765,11.579365437649917
5,1,0,10.80294274199548,10.43171783511664,10.48128818678344,10.559023236835765,11.579365437649917
4,0,0,10.80294274199548,10.43171783511664,10.48128818678344,10.559023236835765,11.579365437649917
3,0,0,10.80294274199548,10.43171783511664,10.48128818678344,10.559023236835765,11.579365437649917
3,0,0,10.80294274199548,10.43171783511664,10.48128818678344,10.559023236835765,11.579365437649917
4,0,0,10.80294274199548,10.43171783511664,10.48128818678344,10.559023236835765,11.579365437649917
4,0,0,10.80294274199548,10.43171783511664,10.48128818678344,10.559023236835765,11.579365437649917
4,0,0,10.80294274199548,10.43171783511664,10.48128818678344,10.559023236835765,11.579365437649917
4,0,0,10.80294274199548,10.43171783511664,10.48128818678344,10.559023236835765,11.579365437649917
3,0,0,10.80294274199548,10.43171783511664,10.48128818678344,10.559023236835765,11.579365437649917
3,0,0,10.80294274199548,10.43171783511664,10.48128818678344,10.559023236835765,11.579365437649917
3,0,0,9.418795480609408,9.233509045095275,9.156000899590214,9.72313913200611,9.47683789363934
4,0,0,10.80294274199548,10.43171783511664,10.48128818678344,10.559023236835765,11.579365437649917
4,0,0,9.418795480609408,9.233509045095275,9.156000899590214,9.72313913200611,9.47683789363934
4,0,0,10.80294274199548,10.43171783511664,10.48128818678344,10.559023236835765,11.579365437649917
4,0,0,10.80294274199548,10.43171783511664,10.48128818678344,10.559023236835765,11.579365437649917
4,0,0,10.80294274199548,10.43171783511664,10.48128818678344,10.559023236835765,11.579365437649917
3,0,0,9.418795480609408,9.233509045095275,9.156000899590214,9.72313913200611,9.47683789363934
5,0,1,10.80294274199548,10.43171783511664,10.48128818678344,10.559023236835765,11.579365437649917
5,0,0,10.80294274199548,10.43171783511664,10.48128818678344,10.559023236835765,11.579365437649917
4,0,0,9.418795480609408,9.233509045095275,9.156000899590214,9.72313913200611,9.47683789363934
4,0,0,9.418795480609408,9.233509045095275,9.156000899590214,9.72313913200611,9.47683789363934
3,0,0,9.418795480609408,9.233509045095275,9.156000899590214,9.72313913200611,9.47683789363934
3,0,0,10.80294274199548,10.43171783511664,10.48128818678344,10.559023236835765,11.579365437649917
4,0,0,10.80294274199548,10.43171783511664,10.48128818678344,10.559023236835765,11.579365437649917
3,0,0,9.418795480609408,9.233509045095275,9.156000899590214,9.72313913200611,9.47683789363934
3,0,0,10.80294274199548,10.43171783511664,10.48128818678344,10.559023236835765,11.579365437649917
4,0,0,10.80294274199548,10.43171783511664,10.48128818678344,10.559023236835765,11.579365437649917
4,0,0,10.80294274199548,10.43171783511664,10.48128818678344,10.559023236835765,11.579365437649917
4,0,0,9.418795480609408,9.233509045095275,9.156000899590214,9.72313913200611,9.47683789363934
4,0,0,10.80294274199548,10.43171783511664,10.48128818678344,10.559023236835765,11.579365437649917
3,0,0,9.418795480609408,9.233509045095275,9.156000899590214,9.72313913200611,9.47683789363934
4,0,0,10.80294274199548,10.43171783511664,10.48128818678344,10.559023236835765,11.579365437649917
4,0,0,10.80294274199548,10.43171783511664,10.48128818678344,10.559023236835765,11.579365437649917
4,0,0,10.80294274199548,10.43171783511664,10.48128818678344,10.559023236835765,11.579365437649917
3,0,0,10.80294274199548,10.43171783511664,10.48128818678344,10.559023236835765,11.579365437649917
4,0,0,9.418795480609408,9.233509045095275,9.156000899590214,9.72313913200611,9.47683789363934
4,0,0,10.80294274199548,10.43171783511664,10.48128818678344,10.559023236835765,11.579365437649917
4,0,0,10.80294274199548,10.43171783511664,10.48128818678344,10.559023236835765,11.579365437649917
4,0,0,9.418795480609408,9.233509045095275,9.156000899590214,9.72313913200611,9.47683789363934
3,0,0,9.418795480609408,9.233509045095275,9.156000899590214,9.72313913200611,9.47683789363934
5,0,0,10.80294274199548,10.43171783511664,10.48128818678344,10.559023236835765,11.579365437649917
4,0,0,10.80294274199548,10.43171783511664,10.48128818678344,10.559023236835765,11.579365437649917
4,0,0,10.80294274199548,10.43171783511664,10.48128818678344,10.559023236835765,11.579365437649917
3,0,0,10.80294274199548,10.43171783511664,10.48128818678344,10.559023236835765,11.579365437649917
4,0,0,9.418795480609408,9.233509045095275,9.156000899590214,9.72313913200611,9.47683789363934
4,0,0,10.80294274199548,10.43171783511664,10.48128818678344,10.559023236835765,11.579365437649917
4,0,0,9.418795480609408,9.233509045095275,9.156000899590214,9.72313913200611,9.47683789363934
4,0,0,9.418795480609408,9.233509045095275,9.156000899590214,9.72313913200611,9.47683789363934
4,0,0,10.80294274199548,10.43171783511664,10.48128818678344,10.559023236835765,11.579365437649917
3,0,0,10.80294274199548,10.43171783511664,10.48128818678344,10.559023236835765,11.579365437649917
4,0,0,10.80294274199548,10.43171783511664,10.48128818678344,10.559023236835765,11.579365437649917
4,0,0,10.80294274199548,10.43171783511664,10.48128818678344,10.559023236835765,11.579365437649917
4,0,0,10.80294274199548,10.43171783511664,10.48128818678344,10.559023236835765,11.579365437649917
4,0,0,10.80294274199548,10.43171783511664,10.48128818678344,10.559023236835765,11.579365437649917
4,0,0,10.80294274199548,10.43171783511664,10.48128818678344,10.559023236835765,11.579365437649917
4,0,0,10.80294274199548,10.43171783511664,10.48128818678344,10.559023236835765,11.579365437649917
4,0,0,10.80294274199548,10.43171783511664,10.48128818678344,10.559023236835765,11.579365437649917
3,0,0,10.80294274199548,10.43171783511664,10.48128818678344,10.559023236835765,11.579365437649917
3,0,0,10.80294274199548,10.43171783511664,10.48128818678344,10.559023236835765,11.579365437649917
4,0,0,10.80294274199548,10.43171783511664,10.48128818678344,10.559023236835765,11.579365437649917
4,0,0,10.80294274199548,10.43171783511664,10.48128818678344,10.559023236835765,11.579365437649917
3,0,0,10.80294274199548,10.43171783511664,10.48128818678344,10.559023236835765,11.579365437649917
4,0,0,10.80294274199548,10.43171783511664,10.48128818678344,10.559023236835765,11.579365437649917
4,0,0,10.80294274199548,10.43171783511664,10.48128818678344,10.559023236835765,11.579365437649917
4,0,0,10.80294274199548,10.43171783511664,10.48128818678344,10.559023236835765,11.579365437649917
4,0,0,9.418795480609408,9.233509045095275,9.156000899590214,9.72313913200611,9.47683789363934
4,0,0,10.80294274199548,10.43171783511664,10.48128818678344,10.559023236835765,11.579365437649917
3,0,0,10.80294274199548,10.43171783511664,10.48128818678344,10.559023236835765,11.579365437649917
3,0,0,9.418795480609408,9.233509045095275,9.156000899590214,9.72313913200611,9.47683789363934
4,0,0,10.80294274199548,10.43171783511664,10.48128818678344,10.559023236835765,11.579365437649917
4,0,0,9.418795480609408,9.233509045095275,9.156000899590214,9.72313913200611,9.47683789363934
3,0,0,9.418795480609408,9.233509045095275,9.156000899590214,9.72313913200611,9.47683789363934
4,0,0,9.418795480609408,9.233509045095275,9.156000899590214,9.72313913200611,9.47683789363934
4,0,0,9.418795480609408,9.233509045095275,9.156000899590214,9.72313913200611,9.47683789363934
3,0,0,9.418795480609408,9.233509045095275,9.156000899590214,9.72313913200611,9.47683789363934
3,0,0,10.80294274199548,10.43171783511664,10.48128818678344,10.559023236835765,11.579365437649917
3,0,0,10.80294274199548,10.43171783511664,10.48128818678344,10.559023236835765,11.579365437649917
3,0,0,10.80294274199548,10.43171783511664,10.48128818678344,10.559023236835765,11.579365437649917
3,0,0,10.80294274199548,10.43171783511664,10.48128818678344,10.559023236835765,11.579365437649917
4,0,0,10.80294274199548,10.43171783511664,10.48128818678344,10.559023236835765,11.579365437649917
4,0,0,10.80294274199548,10.43171783511664,10.48128818678344,10.559023236835765,11.579365437649917
4,0,0,9.418795480609408,9.233509045095275,9.156000899590214,9.72313913200611,9.47683789363934
4,0,0,9.418795480609408,9.233509045095275,9.156000899590214,9.72313913200611,9.47683789363934
4,0,0,10.80294274199548,10.43171783511664,10.48128818678344,10.559023236835765,11.579365437649917
3,0,0,9.418795480609408,9.233509045095275,9.156000899590214,9.72313913200611,9.47683789363934
3,0,0,9.418795480609408,9.233509045095275,9.156000899590214,9.72313913200611,9.47683789363934
4,0,0,9.418795480609408,9.233509045095275,9.156000899590214,9.72313913200611,9.47683789363934
4,0,0,10.80294274199548,10.43171783511664,10.48128818678344,10.559023236835765,11.579365437649917
4,0,0,10.80294274199548,10.43171783511664,10.48128818678344,10.559023236835765,11.579365437649917
4,0,0,10.80294274199548,10.43171783511664,10.48128818678344,10.559023236835765,11.579365437649917
4,0,0,10.80294274199548,10.43171783511664,10.48128818678344,10.559023236835765,11.579365437649917
4,0,0,9.418795480609408,9.233509045095275,9.156000899590214,9.72313913200611,9.47683789363934
4,0,0,10.80294274199548,10.43171783511664,10.48128818678344,10.559023236835765,11.579365437649917
4,0,1,10.80294274199548,10.43171783511664,10.48128818678344,10.559023236835765,11.579365437649917
3,0,0,10.80294274199548,10.43171783511664,10.48128818678344,10.559023236835765,11.579365437649917
3,0,0,9.418795480609408,9.233509045095275,9.156000899590214,9.72313913200611,9.47683789363934
4,0,0,9.418795480609408,9.233509045095275,9.156000899590214,9.72313913200611,9.47683789363934
4,0,0,9.418795480609408,9.233509045095275,9.156000899590214,9.72313913200611,9.47683789363934
4,0,0,9.418795480609408,9.233509045095275,9.156000899590214,9.72313913200611,9.47683789363934
4,0,0,9.418795480609408,9.233509045095275,9.156000899590214,9.72313913200611,9.47683789363934
4,0,0,9.418795480609408,9.233509045095275,9.156000899590214,9.72313913200611,9.47683789363934
