3,0,0,0,10.80294274199548,10.43171783511664,10.48128818678344,10.559023236835765,11.579365437649917
3,0,0,0,10.80294274199548,10.43171783511664,10.48128818678344,10.559023236835765,11.579365437649917
3,0,0,0,10.70131022536525,11.030351274804564,9.78880578801848,10.382016116974551,10.760280523108504
3,0,0,0,10.70131022536525,11.030351274804564,9.78880578801848,10.382016116974551,10.760280523108504
3,0,0,0,10.80294274199548,10.43171783511664,10.48128818678344,10.559023236835765,11.579365437649917
3,0,0,0,10.80294274199548,10.43171783511664,10.48128818678344,10.559023236835765,11.579365437649917
3,0,0,0,10.80294274199548,10.43171783511664,10.48128818678344,10.559023236835765,11.579365437649917
3,0,0,0,10.80294274199548,10.43171783511664,10.48128818678344,10.559023236835765,11.579365437649917
3,0,0,0,10.80294274199548,10.43171783511664,10.48128818678344,10.559023236835765,11.579365437649917
3,0,0,0,10.80294274199548,10.43171783511664,10.48128818678344,10.559023236835765,11.579365437649917
3,0,0,0,10.80294274199548,10.43171783511664,10.48128818678344,10.559023236835765,11.579365437649917
4,0,0,0,10.80294274199548,10.43171783511664,10.48128818678344,10.559023236835765,11.579365437649917
3,0,0,0,10.80294274199548,10.43171783511664,10.48128818678344,10.559023236835765,11.579365437649917
3,0,0,0,10.80294274199548,10.43171783511664,10.48128818678344,10.559023236835765,11.579365437649917
3,0,0,0,10.80294274199548,10.43171783511664,10.48128818678344,10.559023236835765,11.579365437649917
3,0,0,0,10.80294274199548,10.43171783511664,10.48128818678344,10.559023236835765,11.579365437649917
3,0,0,0,10.80294274199548,10.43171783511664,10.48128818678344,10.559023236835765,11.579365437649917
3,0,0,0,10.80294274199548,10.43171783511664,10.48128818678344,10.559023236835765,11.579365437649917
4,0,0,0,10.80294274199548,10.43171783511664,10.48128818678344,10.559023236835765,11.579365437649917
5,1,0,0,10.80294274199548,10.43171783511664,10.48128818678344,10.559023236835765,11.579365437649917
5,1,0,0,10.80294274199548,10.43171783511664,10.48128818678344,10.559023236835765,11.579365437649917
5,0,1,0,10.80294274199548,10.43171783511664,10.48128818678344,10.559023236835765,11.579365437649917
5,1,0,0,10.80294274199548,10.43171783511664,10.48128818678344,10.559023236835765,11.579365437649917
3,1,0,1,10.80294274199548,10.43171783511664,10.48128818678344,10.559023236835765,11.579365437649917
5,1,0,0,10.80294274199548,10.43171783511664,10.48128818678344,10.559023236835765,11.579365437649917
4,0,0,0,10.80294274199548,10.43171783511664,10.48128818678344,10.559023236835765,11.579365437649917
4,1,0,1,10.80294274199548,10.43171783511664,10.48128818678344,10.559023236835765,11.579365437649917
4,0,0,0,10.80294274199548,10.43171783511664,10.48128818678344,10.559023236835765,11.579365437649917
4,0,0,0,10.80294274199548,10.43171783511664,10.48128818678344,10.559023236835765,11.579365437649917
3,0,0,0,10.80294274199548,10.43171783511664,10.48128818678344,10.559023236835765,11.579365437649917
3,0,0,0,10.80294274199548,10.43171783511664,10.48128818678344,10.559023236835765,11.579365437649917
4,0,0,0,10.80294274199548,10.43171783511664,10.48128818678344,10.559023236835765,11.579365437649917
4,0,0,0,10.80294274199548,10.43171783511664,10.48128818678344,10.559023236835765,11.579365437649917
4,0,0,0,10.80294274199548,10.43171783511664,10.48128818678344,10.559023236835765,11.579365437649917
4,1,0,0,9.17282686025867,9.105291933569475,9.002031676936635,9.14968284350856,9.405178637637338
4,0,0,0,10.80294274199548,10.43171783511664,10.48128818678344,10.559023236835765,11.579365437649917
5,0,0,0,10.80294274199548,10.43171783511664,10.48128818678344,10.559023236835765,11.579365437649917
3,1,0,1,10.80294274199548,10.43171783511664,10.48128818678344,10.559023236835765,11.579365437649917
4,0,0,0,10.80294274199548,10.43171783511664,10.48128818678344,10.559023236835765,11.579365437649917
5,1,0,0,10.80294274199548,10.43171783511664,10.48128818678344,10.559023236835765,11.579365437649917
3,1,0,1,10.80294274199548,10.43171783511664,10.48128818678344,10.559023236835765,11.579365437649917
4,1,0,1,10.80294274199548,10.43171783511664,10.48128818678344,10.559023236835765,11.579365437649917
5,1,0,1,10.80294274199548,10.43171783511664,10.48128818678344,10.559023236835765,11.579365437649917
5,1,0,1,10.80294274199548,10.43171783511664,10.48128818678344,10.559023236835765,11.579365437649917
5,1,1,1,10.80294274199548,10.43171783511664,10.48128818678344,10.559023236835765,11.579365437649917
5,1,0,0,10.80294274199548,10.43171783511664,10.48128818678344,10.559023236835765,11.579365437649917
4,0,0,0,10.80294274199548,10.43171783511664,10.48128818678344,10.559023236835765,11.579365437649917
3,0,0,0,10.80294274199548,10.43171783511664,10.48128818678344,10.559023236835765,11.579365437649917
3,0,0,0,10.80294274199548,10.43171783511664,10.48128818678344,10.559023236835765,11.579365437649917
3,0,0,0,10.80294274199548,10.43171783511664,10.48128818678344,10.559023236835765,11.579365437649917
4,0,0,0,10.80294274199548,10.43171783511664,10.48128818678344,10.559023236835765,11.579365437649917
3,0,0,0,10.80294274199548,10.43171783511664,10.48128818678344,10.559023236835765,11.579365437649917
4,0,0,0,9.17282686025867,9.105291933569475,9.002031676936635,9.14968284350856,9.405178637637338
0,0,0,0,9.17282686025867,9.105291933569475,9.002031676936635,9.14968284350856,9.405178637637338
3,1,0,1,9.17282686025867,9.105291933569475,9.002031676936635,9.14968284350856,9.405178637637338
4,1,1,1,10.80294274199548,10.43171783511664,10.48128818678344,10.559023236835765,11.579365437649917
5,0,0,0,10.80294274199548,10.43171783511664,10.48128818678344,10.559023236835765,11.579365437649917
3,0,0,0,10.80294274199548,10.43171783511664,10.48128818678344,10.559023236835765,11.579365437649917
3,1,0,1,10.80294274199548,10.43171783511664,10.48128818678344,10.559023236835765,11.579365437649917
5,1,0,0,10.80294274199548,10.43171783511664,10.48128818678344,10.559023236835765,11.579365437649917
3,1,0,1,10.80294274199548,10.43171783511664,10.48128818678344,10.559023236835765,11.579365437649917
3,1,1,0,10.80294274199548,10.43171783511664,10.48128818678344,10.559023236835765,11.579365437649917
4,0,0,0,10.80294274199548,10.43171783511664,10.48128818678344,10.559023236835765,11.579365437649917
5,1,0,0,10.80294274199548,10.43171783511664,10.48128818678344,10.559023236835765,11.579365437649917
4,0,0,0,10.80294274199548,10.43171783511664,10.48128818678344,10.559023236835765,11.579365437649917
4,0,1,1,10.80294274199548,10.43171783511664,10.48128818678344,10.559023236835765,11.579365437649917
4,1,1,1,10.80294274199548,10.43171783511664,10.48128818678344,10.559023236835765,11.579365437649917
4,0,0,0,10.80294274199548,10.43171783511664,10.48128818678344,10.559023236835765,11.579365437649917
3,0,0,0,10.80294274199548,10.43171783511664,10.48128818678344,10.559023236835765,11.579365437649917
4,1,1,1,10.80294274199548,10.43171783511664,10.48128818678344,10.559023236835765,11.579365437649917
4,0,0,0,10.80294274199548,10.43171783511664,10.48128818678344,10.559023236835765,11.579365437649917
4,1,0,1,10.80294274199548,10.43171783511664,10.48128818678344,10.559023236835765,11.579365437649917
4,0,0,0,10.80294274199548,10.43171783511664,10.48128818678344,10.559023236835765,11.579365437649917
4,0,0,0,9.418795480609408,9.233509045095275,9.156000899590214,9.72313913200611,9.47683789363934
4,0,0,0,10.80294274199548,10.43171783511664,10.48128818678344,10.559023236835765,11.579365437649917
4,0,0,0,10.80294274199548,10.43171783511664,10.48128818678344,10.559023236835765,11.579365437649917
3,0,0,0,9.17282686025867,9.105291933569475,9.002031676936635,9.14968284350856,9.405178637637338
4,0,0,0,9.17282686025867,9.105291933569475,9.002031676936635,9.14968284350856,9.405178637637338
4,0,0,0,10.80294274199548,10.43171783511664,10.48128818678344,10.559023236835765,11.579365437649917
5,1,1,0,10.80294274199548,10.43171783511664,10.48128818678344,10.559023236835765,11.579365437649917
4,0,0,0,10.80294274199548,10.43171783511664,10.48128818678344,10.559023236835765,11.579365437649917
4,0,0,0,10.80294274199548,10.43171783511664,10.48128818678344,10.559023236835765,11.579365437649917
4,0,0,0,9.17282686025867,9.105291933569475,9.002031676936635,9.14968284350856,9.405178637637338
4,1,0,1,10.80294274199548,10.43171783511664,10.48128818678344,10.559023236835765,11.579365437649917
5,0,0,0,10.80294274199548,10.43171783511664,10.48128818678344,10.559023236835765,11.579365437649917
4,0,0,0,10.80294274199548,10.43171783511664,10.48128818678344,10.559023236835765,11.579365437649917
4,0,0,0,10.80294274199548,10.43171783511664,10.48128818678344,10.559023236835765,11.579365437649917
5,0,0,0,10.80294274199548,10.43171783511664,10.48128818678344,10.559023236835765,11.579365437649917
3,1,0,1,9.17282686025867,9.105291933569475,9.002031676936635,9.14968284350856,9.405178637637338
3,0,0,0,9.17282686025867,9.105291933569475,9.002031676936635,9.14968284350856,9.405178637637338
3,0,0,0,10.80294274199548,10.43171783511664,10.48128818678344,10.559023236835765,11.579365437649917
5,0,1,0,10.80294274199548,10.43171783511664,10.48128818678344,10.559023236835765,11.579365437649917
3,0,0,0,10.80294274199548,10.43171783511664,10.48128818678344,10.559023236835765,11.579365437649917
3,0,0,0,9.17282686025867,9.105291933569475,9.002031676936635,9.14968284350856,9.405178637637338
3,0,0,0,9.17282686025867,9.105291933569475,9.002031676936635,9.14968284350856,9.405178637637338
5,0,0,0,10.80294274199548,10.43171783511664,10.48128818678344,10.559023236835765,11.579365437649917
3,1,0,1,9.17282686025867,9.105291933569475,9.002031676936635,9.14968284350856,9.405178637637338
3,1,0,1,10.80294274199548,10.43171783511664,10.48128818678344,10.559023236835765,11.579365437649917
5,1,0,0,10.80294274199548,10.43171783511664,10.48128818678344,10.559023236835765,11.579365437649917
3,0,0,0,10.80294274199548,10.43171783511664,10.48128818678344,10.559023236835765,11.579365437649917
5,1,0,0,10.80294274199548,10.43171783511664,10.48128818678344,10.559023236835765,11.579365437649917
3,1,0,0,10.80294274199548,10.43171783511664,10.48128818678344,10.559023236835765,11.579365437649917
4,0,0,0,9.17282686025867,9.105291933569475,9.002031676936635,9.14968284350856,9.405178637637338
3,1,0,1,9.17282686025867,9.105291933569475,9.002031676936635,9.14968284350856,9.405178637637338
3,0,0,0,10.80294274199548,10.43171783511664,10.48128818678344,10.559023236835765,11.579365437649917
3,1,0,0,10.80294274199548,10.43171783511664,10.48128818678344,10.559023236835765,11.579365437649917
4,0,0,0,10.80294274199548,10.43171783511664,10.48128818678344,10.559023236835765,11.579365437649917
4,0,0,0,10.80294274199548,10.43171783511664,10.48128818678344,10.559023236835765,11.579365437649917
3,0,0,0,10.80294274199548,10.43171783511664,10.48128818678344,10.559023236835765,11.579365437649917
3,1,1,0,10.80294274199548,10.43171783511664,10.48128818678344,10.559023236835765,11.579365437649917
3,0,0,0,10.80294274199548,10.43171783511664,10.48128818678344,10.559023236835765,11.579365437649917
3,0,0,0,10.80294274199548,10.43171783511664,10.48128818678344,10.559023236835765,11.579365437649917
5,1,0,0,10.80294274199548,10.43171783511664,10.48128818678344,10.559023236835765,11.579365437649917
3,0,0,0,10.80294274199548,10.43171783511664,10.48128818678344,10.559023236835765,11.579365437649917
3,1,1,0,9.17282686025867,9.105291933569475,9.002031676936635,9.14968284350856,9.405178637637338
3,1,0,1,10.80294274199548,10.43171783511664,10.48128818678344,10.559023236835765,11.579365437649917
3,1,1,1,10.80294274199548,10.43171783511664,10.48128818678344,10.559023236835765,11.579365437649917
3,0,0,0,9.17282686025867,9.105291933569475,9.002031676936635,9.14968284350856,9.405178637637338
3,1,0,1,9.277278286924387,9.19275241053213,9.149618821158109,9.97066024201669,9.269408471475032
4,0,0,0,10.80294274199548,10.43171783511664,10.48128818678344,10.559023236835765,11.579365437649917
4,1,1,1,10.80294274199548,10.43171783511664,10.48128818678344,10.559023236835765,11.579365437649917
3,1,0,1,10.80294274199548,10.43171783511664,10.48128818678344,10.559023236835765,11.579365437649917
3,1,0,0,9.17282686025867,9.105291933569475,9.002031676936635,9.14968284350856,9.405178637637338
3,0,0,0,9.17282686025867,9.105291933569475,9.002031676936635,9.14968284350856,9.405178637637338
3,1,0,1,10.80294274199548,10.43171783511664,10.48128818678344,10.559023236835765,11.579365437649917
3,1,0,1,9.17282686025867,9.105291933569475,9.002031676936635,9.14968284350856,9.405178637637338
5,1,0,0,10.80294274199548,10.43171783511664,10.48128818678344,10.559023236835765,11.579365437649917
5,0,0,0,10.80294274199548,10.43171783511664,10.48128818678344,10.559023236835765,11.579365437649917
5,0,0,0,10.80294274199548,10.43171783511664,10.48128818678344,10.559023236835765,11.579365437649917
3,1,0,1,10.80294274199548,10.43171783511664,10.48128818678344,10.559023236835765,11.579365437649917
3,1,0,1,10.80294274199548,10.43171783511664,10.48128818678344,10.559023236835765,11.579365437649917
3,1,0,1,10.80294274199548,10.43171783511664,10.48128818678344,10.559023236835765,11.579365437649917
3,1,0,1,10.80294274199548,10.43171783511664,10.48128818678344,10.559023236835765,11.579365437649917
4,1,0,1,10.80294274199548,10.43171783511664,10.48128818678344,10.559023236835765,11.579365437649917
4,0,0,0,9.17282686025867,9.105291933569475,9.002031676936635,9.14968284350856,9.405178637637338
3,0,0,0,10.80294274199548,10.43171783511664,10.48128818678344,10.559023236835765,11.579365437649917
4,0,0,0,10.80294274199548,10.43171783511664,10.48128818678344,10.559023236835765,11.579365437649917
3,1,0,1,10.80294274199548,10.43171783511664,10.48128818678344,10.559023236835765,11.579365437649917
2,1,0,1,10.80294274199548,10.43171783511664,10.48128818678344,10.559023236835765,11.579365437649917
3,1,0,1,10.80294274199548,10.43171783511664,10.48128818678344,10.559023236835765,11.579365437649917
3,1,0,1,9.418795480609408,9.233509045095275,9.156000899590214,9.72313913200611,9.47683789363934
3,1,0,0,9.17282686025867,9.105291933569475,9.002031676936635,9.14968284350856,9.405178637637338
3,1,0,1,10.80294274199548,10.43171783511664,10.48128818678344,10.559023236835765,11.579365437649917
3,1,0,1,10.80294274199548,10.43171783511664,10.48128818678344,10.559023236835765,11.579365437649917
5,0,0,0,10.80294274199548,10.43171783511664,10.48128818678344,10.559023236835765,11.579365437649917
3,0,0,0,10.80294274199548,10.43171783511664,10.48128818678344,10.559023236835765,11.579365437649917
4,0,0,0,10.80294274199548,10.43171783511664,10.48128818678344,10.559023236835765,11.579365437649917
4,0,0,0,10.80294274199548,10.43171783511664,10.48128818678344,10.559023236835765,11.579365437649917
4,0,0,0,10.80294274199548,10.43171783511664,10.48128818678344,10.559023236835765,11.579365437649917
4,1,0,1,10.80294274199548,10.43171783511664,10.48128818678344,10.559023236835765,11.579365437649917
3,0,0,0,10.80294274199548,10.43171783511664,10.48128818678344,10.559023236835765,11.579365437649917
3,1,0,1,10.80294274199548,10.43171783511664,10.48128818678344,10.559023236835765,11.579365437649917
3,1,0,1,10.80294274199548,10.43171783511664,10.48128818678344,10.559023236835765,11.579365437649917
3,1,0,1,10.80294274199548,10.43171783511664,10.48128818678344,10.559023236835765,11.579365437649917
3,1,0,1,10.80294274199548,10.43171783511664,10.48128818678344,10.559023236835765,11.579365437649917
3,1,0,1,10.80294274199548,10.43171783511664,10.48128818678344,10.559023236835765,11.579365437649917
3,1,0,1,10.80294274199548,10.43171783511664,10.48128818678344,10.559023236835765,11.579365437649917
3,1,0,1,10.80294274199548,10.43171783511664,10.48128818678344,10.559023236835765,11.579365437649917
3,1,0,1,10.80294274199548,10.43171783511664,10.48128818678344,10.559023236835765,11.579365437649917
0,0,0,0,10.80294274199548,10.43171783511664,10.48128818678344,10.559023236835765,11.579365437649917
5,0,0,0,10.80294274199548,10.43171783511664,10.48128818678344,10.559023236835765,11.579365437649917
3,1,0,1,10.80294274199548,10.43171783511664,10.48128818678344,10.559023236835765,11.579365437649917
3,0,0,0,10.80294274199548,10.43171783511664,10.48128818678344,10.559023236835765,11.579365437649917
3,0,0,0,10.80294274199548,10.43171783511664,10.48128818678344,10.559023236835765,11.579365437649917
3,0,0,0,10.80294274199548,10.43171783511664,10.48128818678344,10.559023236835765,11.579365437649917
3,0,1,1,10.80294274199548,10.43171783511664,10.48128818678344,10.559023236835765,11.579365437649917
4,1,0,1,10.80294274199548,10.43171783511664,10.48128818678344,10.559023236835765,11.579365437649917
4,1,0,1,10.80294274199548,10.43171783511664,10.48128818678344,10.559023236835765,11.579365437649917
3,0,0,0,10.80294274199548,10.43171783511664,10.48128818678344,10.559023236835765,11.579365437649917
4,0,0,0,10.80294274199548,10.43171783511664,10.48128818678344,10.559023236835765,11.579365437649917
4,0,0,0,10.80294274199548,10.43171783511664,10.48128818678344,10.559023236835765,11.579365437649917
4,0,0,0,10.80294274199548,10.43171783511664,10.48128818678344,10.559023236835765,11.579365437649917
4,1,0,1,10.80294274199548,10.43171783511664,10.48128818678344,10.559023236835765,11.579365437649917
3,1,1,1,10.80294274199548,10.43171783511664,10.48128818678344,10.559023236835765,11.579365437649917
3,1,0,1,10.80294274199548,10.43171783511664,10.48128818678344,10.559023236835765,11.579365437649917
3,1,0,1,10.80294274199548,10.43171783511664,10.48128818678344,10.559023236835765,11.579365437649917
3,0,0,0,10.80294274199548,10.43171783511664,10.48128818678344,10.559023236835765,11.579365437649917
3,1,0,1,10.80294274199548,10.43171783511664,10.48128818678344,10.559023236835765,11.579365437649917
4,0,0,0,10.80294274199548,10.43171783511664,10.48128818678344,10.559023236835765,11.579365437649917
4,0,0,0,10.80294274199548,10.43171783511664,10.48128818678344,10.559023236835765,11.579365437649917
3,0,0,0,10.80294274199548,10.43171783511664,10.48128818678344,10.559023236835765,11.579365437649917
3,1,0,1,10.80294274199548,10.43171783511664,10.48128818678344,10.559023236835765,11.579365437649917
3,1,0,1,10.80294274199548,10.43171783511664,10.48128818678344,10.559023236835765,11.579365437649917
4,0,0,1,10.80294274199548,10.43171783511664,10.48128818678344,10.559023236835765,11.579365437649917
3,0,0,0,10.80294274199548,10.43171783511664,10.48128818678344,10.559023236835765,11.579365437649917
3,0,0,0,10.80294274199548,10.43171783511664,10.48128818678344,10.559023236835765,11.579365437649917
5,1,0,0,10.80294274199548,10.43171783511664,10.48128818678344,10.559023236835765,11.579365437649917
5,1,0,0,10.80294274199548,10.43171783511664,10.48128818678344,10.559023236835765,11.579365437649917
3,0,0,0,10.80294274199548,10.43171783511664,10.48128818678344,10.559023236835765,11.579365437649917
3,0,0,0,10.80294274199548,10.43171783511664,10.48128818678344,10.559023236835765,11.579365437649917
4,0,0,0,10.80294274199548,10.43171783511664,10.48128818678344,10.559023236835765,11.579365437649917
4,0,0,0,10.80294274199548,10.43171783511664,10.48128818678344,10.559023236835765,11.579365437649917
4,0,0,0,10.80294274199548,10.43171783511664,10.48128818678344,10.559023236835765,11.579365437649917
0,0,0,0,10.80294274199548,10.43171783511664,10.48128818678344,10.559023236835765,11.579365437649917
3,1,0,1,10.80294274199548,10.43171783511664,10.48128818678344,10.559023236835765,11.579365437649917
3,0,0,0,10.80294274199548,10.43171783511664,10.48128818678344,10.559023236835765,11.579365437649917
4,0,0,0,10.80294274199548,10.43171783511664,10.48128818678344,10.559023236835765,11.579365437649917
4,0,0,0,10.80294274199548,10.43171783511664,10.48128818678344,10.559023236835765,11.579365437649917
3,0,0,0,10.80294274199548,10.43171783511664,10.48128818678344,10.559023236835765,11.579365437649917
0,0,0,0,10.80294274199548,10.43171783511664,10.48128818678344,10.559023236835765,11.579365437649917
3,0,0,0,10.80294274199548,10.43171783511664,10.48128818678344,10.559023236835765,11.579365437649917
3,1,0,1,10.80294274199548,10.43171783511664,10.48128818678344,10.559023236835765,11.579365437649917
4,0,0,0,10.80294274199548,10.43171783511664,10.48128818678344,10.559023236835765,11.579365437649917
4,0,0,0,10.80294274199548,10.43171783511664,10.48128818678344,10.559023236835765,11.579365437649917
0,0,0,0,10.80294274199548,10.43171783511664,10.48128818678344,10.559023236835765,11.579365437649917
4,0,0,0,10.80294274199548,10.43171783511664,10.48128818678344,10.559023236835765,11.579365437649917
2,0,0,0,10.80294274199548,10.43171783511664,10.48128818678344,10.559023236835765,11.579365437649917
4,1,0,1,10.80294274199548,10.43171783511664,10.48128818678344,10.559023236835765,11.579365437649917
3,0,0,0,10.80294274199548,10.43171783511664,10.48128818678344,10.559023236835765,11.579365437649917
5,1,0,0,10.80294274199548,10.43171783511664,10.48128818678344,10.559023236835765,11.579365437649917
4,0,0,0,10.80294274199548,10.43171783511664,10.48128818678344,10.559023236835765,11.579365437649917
4,0,0,0,10.80294274199548,10.43171783511664,10.48128818678344,10.559023236835765,11.579365437649917
4,0,0,0,10.80294274199548,10.43171783511664,10.48128818678344,10.559023236835765,11.579365437649917
3,1,1,1,10.80294274199548,10.43171783511664,10.48128818678344,10.559023236835765,11.579365437649917
3,0,1,1,10.80294274199548,10.43171783511664,10.48128818678344,10.559023236835765,11.579365437649917
3,0,0,0,10.80294274199548,10.43171783511664,10.48128818678344,10.559023236835765,11.579365437649917
4,0,0,0,10.80294274199548,10.43171783511664,10.48128818678344,10.559023236835765,11.579365437649917
4,0,0,0,10.80294274199548,10.43171783511664,10.48128818678344,10.559023236835765,11.579365437649917
4,0,0,0,10.80294274199548,10.43171783511664,10.48128818678344,10.559023236835765,11.579365437649917
4,0,0,0,10.80294274199548,10.43171783511664,10.48128818678344,10.559023236835765,11.579365437649917
3,0,0,0,10.80294274199548,10.43171783511664,10.48128818678344,10.559023236835765,11.579365437649917
4,0,0,0,10.80294274199548,10.43171783511664,10.48128818678344,10.559023236835765,11.579365437649917
4,0,1,1,10.80294274199548,10.43171783511664,10.48128818678344,10.559023236835765,11.579365437649917
4,1,1,1,10.80294274199548,10.43171783511664,10.48128818678344,10.559023236835765,11.579365437649917
3,0,1,1,10.80294274199548,10.43171783511664,10.48128818678344,10.559023236835765,11.579365437649917
3,0,0,0,10.80294274199548,10.43171783511664,10.48128818678344,10.559023236835765,11.579365437649917
4,0,0,0,10.80294274199548,10.43171783511664,10.48128818678344,10.559023236835765,11.579365437649917
4,0,0,0,9.405728256914799,9.350784887760444,9.199009370952796,10.214080097399401,9.337363259126239
3,0,0,0,10.80294274199548,10.43171783511664,10.48128818678344,10.559023236835765,11.579365437649917
3,0,0,0,10.80294274199548,10.43171783511664,10.48128818678344,10.559023236835765,11.579365437649917
4,0,0,0,10.80294274199548,10.43171783511664,10.48128818678344,10.559023236835765,11.579365437649917
5,1,1,0,10.80294274199548,10.43171783511664,10.48128818678344,10.559023236835765,11.579365437649917
4,0,0,0,10.80294274199548,10.43171783511664,10.48128818678344,10.559023236835765,11.579365437649917
4,0,0,0,10.80294274199548,10.43171783511664,10.48128818678344,10.559023236835765,11.579365437649917
4,0,0,0,10.80294274199548,10.43171783511664,10.48128818678344,10.559023236835765,11.579365437649917
4,0,0,0,10.80294274199548,10.43171783511664,10.48128818678344,10.559023236835765,11.579365437649917
4,0,0,0,10.80294274199548,10.43171783511664,10.48128818678344,10.559023236835765,11.579365437649917
4,0,0,0,10.80294274199548,10.43171783511664,10.48128818678344,10.559023236835765,11.579365437649917
3,0,0,0,10.80294274199548,10.43171783511664,10.48128818678344,10.559023236835765,11.579365437649917
4,0,0,0,10.80294274199548,10.43171783511664,10.48128818678344,10.559023236835765,11.579365437649917
5,1,0,0,10.80294274199548,10.43171783511664,10.48128818678344,10.559023236835765,11.579365437649917
3,1,0,1,10.80294274199548,10.43171783511664,10.48128818678344,10.559023236835765,11.579365437649917
3,1,0,1,10.80294274199548,10.43171783511664,10.48128818678344,10.559023236835765,11.579365437649917
3,0,0,0,10.80294274199548,10.43171783511664,10.48128818678344,10.559023236835765,11.579365437649917
4,1,0,1,10.80294274199548,10.43171783511664,10.48128818678344,10.559023236835765,11.579365437649917
4,0,0,0,10.80294274199548,10.43171783511664,10.48128818678344,10.559023236835765,11.579365437649917
4,0,0,0,10.80294274199548,10.43171783511664,10.48128818678344,10.559023236835765,11.579365437649917
3,1,0,1,10.80294274199548,10.43171783511664,10.48128818678344,10.559023236835765,11.579365437649917
3,0,0,0,10.80294274199548,10.43171783511664,10.48128818678344,10.559023236835765,11.579365437649917
3,0,0,0,10.80294274199548,10.43171783511664,10.48128818678344,10.559023236835765,11.579365437649917
3,0,0,0,10.80294274199548,10.43171783511664,10.48128818678344,10.559023236835765,11.579365437649917
4,0,0,0,10.80294274199548,10.43171783511664,10.48128818678344,10.559023236835765,11.579365437649917
3,0,0,0,10.80294274199548,10.43171783511664,10.48128818678344,10.559023236835765,11.579365437649917
3,0,0,0,10.208769227907673,10.337585817119633,9.812956541858899,10.195931114799418,9.760151731133622
3,1,0,1,10.80294274199548,10.43171783511664,10.48128818678344,10.559023236835765,11.579365437649917
3,0,0,0,10.80294274199548,10.43171783511664,10.48128818678344,10.559023236835765,11.579365437649917
4,0,0,0,10.80294274199548,10.43171783511664,10.48128818678344,10.559023236835765,11.579365437649917
3,0,0,0,10.80294274199548,10.43171783511664,10.48128818678344,10.559023236835765,11.579365437649917
4,0,0,0,10.80294274199548,10.43171783511664,10.48128818678344,10.559023236835765,11.579365437649917
3,1,0,1,10.80294274199548,10.43171783511664,10.48128818678344,10.559023236835765,11.579365437649917
4,0,0,0,10.80294274199548,10.43171783511664,10.48128818678344,10.559023236835765,11.579365437649917
3,0,0,0,10.80294274199548,10.43171783511664,10.48128818678344,10.559023236835765,11.579365437649917
3,0,0,0,10.80294274199548,10.43171783511664,10.48128818678344,10.559023236835765,11.579365437649917
3,1,0,1,10.80294274199548,10.43171783511664,10.48128818678344,10.559023236835765,11.579365437649917
3,0,0,0,10.80294274199548,10.43171783511664,10.48128818678344,10.559023236835765,11.579365437649917
3,1,0,1,10.80294274199548,10.43171783511664,10.48128818678344,10.559023236835765,11.579365437649917
3,1,0,1,10.80294274199548,10.43171783511664,10.48128818678344,10.559023236835765,11.579365437649917
5,0,1,0,10.80294274199548,10.43171783511664,10.48128818678344,10.559023236835765,11.579365437649917
3,0,1,1,10.80294274199548,10.43171783511664,10.48128818678344,10.559023236835765,11.579365437649917
4,1,0,1,10.80294274199548,10.43171783511664,10.48128818678344,10.559023236835765,11.579365437649917
3,0,0,0,10.80294274199548,10.43171783511664,10.48128818678344,10.559023236835765,11.579365437649917
5,1,0,0,10.80294274199548,10.43171783511664,10.48128818678344,10.559023236835765,11.579365437649917
3,0,0,0,10.80294274199548,10.43171783511664,10.48128818678344,10.559023236835765,11.579365437649917
5,1,0,0,10.80294274199548,10.43171783511664,10.48128818678344,10.559023236835765,11.579365437649917
4,0,0,0,10.80294274199548,10.43171783511664,10.48128818678344,10.559023236835765,11.579365437649917
5,1,0,0,10.80294274199548,10.43171783511664,10.48128818678344,10.559023236835765,11.579365437649917
5,1,0,0,10.80294274199548,10.43171783511664,10.48128818678344,10.559023236835765,11.579365437649917
5,1,0,0,10.80294274199548,10.43171783511664,10.48128818678344,10.559023236835765,11.579365437649917
5,1,0,0,10.80294274199548,10.43171783511664,10.48128818678344,10.559023236835765,11.579365437649917
5,1,0,0,10.80294274199548,10.43171783511664,10.48128818678344,10.559023236835765,11.579365437649917
4,0,0,0,10.80294274199548,10.43171783511664,10.48128818678344,10.559023236835765,11.579365437649917
3,0,0,0,10.80294274199548,10.43171783511664,10.48128818678344,10.559023236835765,11.579365437649917
3,1,0,1,10.80294274199548,10.43171783511664,10.48128818678344,10.559023236835765,11.579365437649917
4,0,0,0,10.80294274199548,10.43171783511664,10.48128818678344,10.559023236835765,11.579365437649917
4,0,0,0,10.80294274199548,10.43171783511664,10.48128818678344,10.559023236835765,11.579365437649917
5,1,0,0,10.80294274199548,10.43171783511664,10.48128818678344,10.559023236835765,11.579365437649917
4,0,0,0,9.587267372094079,9.992041440491255,9.394633490603619,9.636725684240963,9.566108242154531
3,0,0,0,9.587267372094079,9.992041440491255,9.394633490603619,9.636725684240963,9.566108242154531
4,0,0,0,10.80294274199548,10.43171783511664,10.48128818678344,10.559023236835765,11.579365437649917
3,0,0,0,10.80294274199548,10.43171783511664,10.48128818678344,10.559023236835765,11.579365437649917
3,0,0,0,10.80294274199548,10.43171783511664,10.48128818678344,10.559023236835765,11.579365437649917
3,0,0,0,10.80294274199548,10.43171783511664,10.48128818678344,10.559023236835765,11.579365437649917
4,0,0,0,10.80294274199548,10.43171783511664,10.48128818678344,10.559023236835765,11.579365437649917
3,0,0,0,10.80294274199548,10.43171783511664,10.48128818678344,10.559023236835765,11.579365437649917
4,0,0,0,10.80294274199548,10.43171783511664,10.48128818678344,10.559023236835765,11.579365437649917
4,0,0,0,10.80294274199548,10.43171783511664,10.48128818678344,10.559023236835765,11.579365437649917
4,0,0,0,10.80294274199548,10.43171783511664,10.48128818678344,10.559023236835765,11.579365437649917
4,0,0,0,9.17282686025867,9.105291933569475,9.002031676936635,9.14968284350856,9.405178637637338
3,0,0,0,10.80294274199548,10.43171783511664,10.48128818678344,10.559023236835765,11.579365437649917
4,0,0,0,10.80294274199548,10.43171783511664,10.48128818678344,10.559023236835765,11.579365437649917
3,0,0,0,10.80294274199548,10.43171783511664,10.48128818678344,10.559023236835765,11.579365437649917
4,0,0,0,10.80294274199548,10.43171783511664,10.48128818678344,10.559023236835765,11.579365437649917
4,0,0,0,10.80294274199548,10.43171783511664,10.48128818678344,10.559023236835765,11.579365437649917
4,0,0,0,10.80294274199548,10.43171783511664,10.48128818678344,10.559023236835765,11.579365437649917
4,0,0,0,10.80294274199548,10.43171783511664,10.48128818678344,10.559023236835765,11.579365437649917
4,0,0,0,10.80294274199548,10.43171783511664,10.48128818678344,10.559023236835765,11.579365437649917
3,0,0,0,10.80294274199548,10.43171783511664,10.48128818678344,10.559023236835765,11.579365437649917
3,0,0,0,10.80294274199548,10.43171783511664,10.48128818678344,10.559023236835765,11.579365437649917
4,1,0,1,10.80294274199548,10.43171783511664,10.48128818678344,10.559023236835765,11.579365437649917
3,0,0,0,10.80294274199548,10.43171783511664,10.48128818678344,10.559023236835765,11.579365437649917
3,0,0,0,9.17282686025867,9.105291933569475,9.002031676936635,9.14968284350856,9.405178637637338
3,0,0,0,10.80294274199548,10.43171783511664,10.48128818678344,10.559023236835765,11.579365437649917
3,0,0,0,10.80294274199548,10.43171783511664,10.48128818678344,10.559023236835765,11.579365437649917
3,0,1,1,10.80294274199548,10.43171783511664,10.48128818678344,10.559023236835765,11.579365437649917
3,0,0,0,10.80294274199548,10.43171783511664,10.48128818678344,10.559023236835765,11.579365437649917
4,0,0,0,10.80294274199548,10.43171783511664,10.48128818678344,10.559023236835765,11.579365437649917
4,0,0,0,10.80294274199548,10.43171783511664,10.48128818678344,10.559023236835765,11.579365437649917
5,1,1,0,10.80294274199548,10.43171783511664,10.48128818678344,10.559023236835765,11.579365437649917
5,1,0,0,10.80294274199548,10.43171783511664,10.48128818678344,10.559023236835765,11.579365437649917
5,1,0,0,10.80294274199548,10.43171783511664,10.48128818678344,10.559023236835765,11.579365437649917
4,1,0,1,10.80294274199548,10.43171783511664,10.48128818678344,10.559023236835765,11.579365437649917
3,1,0,1,10.80294274199548,10.43171783511664,10.48128818678344,10.559023236835765,11.579365437649917
3,0,0,0,10.80294274199548,10.43171783511664,10.48128818678344,10.559023236835765,11.579365437649917
4,0,0,0,10.80294274199548,10.43171783511664,10.48128818678344,10.559023236835765,11.579365437649917
3,0,0,0,10.80294274199548,10.43171783511664,10.48128818678344,10.559023236835765,11.579365437649917
4,0,0,0,10.80294274199548,10.43171783511664,10.48128818678344,10.559023236835765,11.579365437649917
3,0,0,0,10.80294274199548,10.43171783511664,10.48128818678344,10.559023236835765,11.579365437649917
3,0,0,0,10.80294274199548,10.43171783511664,10.48128818678344,10.559023236835765,11.579365437649917
3,0,0,0,10.80294274199548,10.43171783511664,10.48128818678344,10.559023236835765,11.579365437649917
3,1,0,1,10.80294274199548,10.43171783511664,10.48128818678344,10.559023236835765,11.579365437649917
4,0,0,0,10.80294274199548,10.43171783511664,10.48128818678344,10.559023236835765,11.579365437649917
4,0,0,0,10.80294274199548,10.43171783511664,10.48128818678344,10.559023236835765,11.579365437649917
3,1,1,1,10.80294274199548,10.43171783511664,10.48128818678344,10.559023236835765,11.579365437649917
3,1,0,1,10.80294274199548,10.43171783511664,10.48128818678344,10.559023236835765,11.579365437649917
3,0,0,0,10.80294274199548,10.43171783511664,10.48128818678344,10.559023236835765,11.579365437649917
3,0,0,0,10.80294274199548,10.43171783511664,10.48128818678344,10.559023236835765,11.579365437649917
4,0,0,0,10.80294274199548,10.43171783511664,10.48128818678344,10.559023236835765,11.579365437649917
3,1,0,1,10.80294274199548,10.43171783511664,10.48128818678344,10.559023236835765,11.579365437649917
4,0,0,0,10.80294274199548,10.43171783511664,10.48128818678344,10.559023236835765,11.579365437649917
4,0,0,0,10.80294274199548,10.43171783511664,10.48128818678344,10.559023236835765,11.579365437649917
4,0,0,0,10.80294274199548,10.43171783511664,10.48128818678344,10.559023236835765,11.579365437649917
4,0,0,0,10.80294274199548,10.43171783511664,10.48128818678344,10.559023236835765,11.579365437649917
3,0,0,0,9.587267372094079,9.992041440491255,9.394633490603619,9.636725684240963,9.566108242154531
3,0,0,0,10.80294274199548,10.43171783511664,10.48128818678344,10.559023236835765,11.579365437649917
3,0,0,0,10.80294274199548,10.43171783511664,10.48128818678344,10.559023236835765,11.579365437649917
3,0,0,0,10.80294274199548,10.43171783511664,10.48128818678344,10.559023236835765,11.579365437649917
4,0,0,0,10.80294274199548,10.43171783511664,10.48128818678344,10.559023236835765,11.579365437649917
4,0,0,0,10.80294274199548,10.43171783511664,10.48128818678344,10.559023236835765,11.579365437649917
3,1,1,1,10.80294274199548,10.43171783511664,10.48128818678344,10.559023236835765,11.579365437649917
3,1,0,1,10.80294274199548,10.43171783511664,10.48128818678344,10.559023236835765,11.579365437649917
3,0,0,0,9.587267372094079,9.992041440491255,9.394633490603619,9.636725684240963,9.566108242154531
3,0,0,0,10.038551444421449,9.918339620076353,9.795065154344512,11.488127096620259,10.02168823534317
0,0,0,0,10.80294274199548,10.43171783511664,10.48128818678344,10.559023236835765,11.579365437649917
4,0,0,0,10.80294274199548,10.43171783511664,10.48128818678344,10.559023236835765,11.579365437649917
4,0,0,0,10.80294274199548,10.43171783511664,10.48128818678344,10.559023236835765,11.579365437649917
3,0,0,0,10.80294274199548,10.43171783511664,10.48128818678344,10.559023236835765,11.579365437649917
3,0,0,0,10.80294274199548,10.43171783511664,10.48128818678344,10.559023236835765,11.579365437649917
3,0,0,0,10.80294274199548,10.43171783511664,10.48128818678344,10.559023236835765,11.579365437649917
3,1,0,1,10.80294274199548,10.43171783511664,10.48128818678344,10.559023236835765,11.579365437649917
4,1,1,1,10.80294274199548,10.43171783511664,10.48128818678344,10.559023236835765,11.579365437649917
4,1,0,1,10.80294274199548,10.43171783511664,10.48128818678344,10.559023236835765,11.579365437649917
3,0,0,0,10.80294274199548,10.43171783511664,10.48128818678344,10.559023236835765,11.579365437649917
4,0,0,0,10.80294274199548,10.43171783511664,10.48128818678344,10.559023236835765,11.579365437649917
3,0,0,0,10.80294274199548,10.43171783511664,10.48128818678344,10.559023236835765,11.579365437649917
4,0,0,0,10.80294274199548,10.43171783511664,10.48128818678344,10.559023236835765,11.579365437649917
3,0,0,0,9.079916612758142,8.981295913957936,8.895581523245552,9.384568905894382,9.04070006273733
4,0,0,0,10.80294274199548,10.43171783511664,10.48128818678344,10.559023236835765,11.579365437649917
4,1,0,1,10.80294274199548,10.43171783511664,10.48128818678344,10.559023236835765,11.579365437649917
3,0,0,0,10.80294274199548,10.43171783511664,10.48128818678344,10.559023236835765,11.579365437649917
3,1,1,1,10.80294274199548,10.43171783511664,10.48128818678344,10.559023236835765,11.579365437649917
4,0,0,0,10.80294274199548,10.43171783511664,10.48128818678344,10.559023236835765,11.579365437649917
4,1,0,1,10.80294274199548,10.43171783511664,10.48128818678344,10.559023236835765,11.579365437649917
4,0,0,0,10.80294274199548,10.43171783511664,10.48128818678344,10.559023236835765,11.579365437649917
3,1,0,1,10.80294274199548,10.43171783511664,10.48128818678344,10.559023236835765,11.579365437649917
4,0,0,0,10.80294274199548,10.43171783511664,10.48128818678344,10.559023236835765,11.579365437649917
3,1,0,1,10.80294274199548,10.43171783511664,10.48128818678344,10.559023236835765,11.579365437649917
3,1,0,1,10.80294274199548,10.43171783511664,10.48128818678344,10.559023236835765,11.579365437649917
4,0,0,0,10.80294274199548,10.43171783511664,10.48128818678344,10.559023236835765,11.579365437649917
4,0,0,0,10.80294274199548,10.43171783511664,10.48128818678344,10.559023236835765,11.579365437649917
3,1,1,1,10.80294274199548,10.43171783511664,10.48128818678344,10.559023236835765,11.579365437649917
3,0,0,0,10.80294274199548,10.43171783511664,10.48128818678344,10.559023236835765,11.579365437649917
3,0,0,0,10.80294274199548,10.43171783511664,10.48128818678344,10.559023236835765,11.579365437649917
4,0,0,0,10.80294274199548,10.43171783511664,10.48128818678344,10.559023236835765,11.579365437649917
3,1,0,1,10.80294274199548,10.43171783511664,10.48128818678344,10.559023236835765,11.579365437649917
3,1,0,1,10.80294274199548,10.43171783511664,10.48128818678344,10.559023236835765,11.579365437649917
3,0,0,0,10.80294274199548,10.43171783511664,10.48128818678344,10.559023236835765,11.579365437649917
3,0,1,0,9.418795480609408,9.233509045095275,9.156000899590214,9.72313913200611,9.47683789363934
3,0,0,0,10.80294274199548,10.43171783511664,10.48128818678344,10.559023236835765,11.579365437649917
4,1,0,1,10.80294274199548,10.43171783511664,10.48128818678344,10.559023236835765,11.579365437649917
4,0,0,0,10.80294274199548,10.43171783511664,10.48128818678344,10.559023236835765,11.579365437649917
3,0,0,0,10.80294274199548,10.43171783511664,10.48128818678344,10.559023236835765,11.579365437649917
3,0,0,0,10.80294274199548,10.43171783511664,10.48128818678344,10.559023236835765,11.579365437649917
4,0,0,0,10.80294274199548,10.43171783511664,10.48128818678344,10.559023236835765,11.579365437649917
3,0,1,1,10.80294274199548,10.43171783511664,10.48128818678344,10.559023236835765,11.579365437649917
4,1,1,1,10.80294274199548,10.43171783511664,10.48128818678344,10.559023236835765,11.579365437649917
3,0,0,0,10.80294274199548,10.43171783511664,10.48128818678344,10.559023236835765,11.579365437649917
3,0,0,0,10.80294274199548,10.43171783511664,10.48128818678344,10.559023236835765,11.579365437649917
3,1,1,1,10.80294274199548,10.43171783511664,10.48128818678344,10.559023236835765,11.579365437649917
3,1,0,1,10.80294274199548,10.43171783511664,10.48128818678344,10.559023236835765,11.579365437649917
4,0,0,0,10.80294274199548,10.43171783511664,10.48128818678344,10.559023236835765,11.579365437649917
4,0,0,0,10.80294274199548,10.43171783511664,10.48128818678344,10.559023236835765,11.579365437649917
3,0,0,1,9.933450885555487,10.429886824850714,9.47160965985157,9.6401394228574,9.627890261095313
3,0,0,0,10.80294274199548,10.43171783511664,10.48128818678344,10.559023236835765,11.579365437649917
3,0,0,0,10.80294274199548,10.43171783511664,10.48128818678344,10.559023236835765,11.579365437649917
3,1,0,1,10.80294274199548,10.43171783511664,10.48128818678344,10.559023236835765,11.579365437649917
3,1,0,1,10.80294274199548,10.43171783511664,10.48128818678344,10.559023236835765,11.579365437649917
3,1,0,1,10.80294274199548,10.43171783511664,10.48128818678344,10.559023236835765,11.579365437649917
5,0,0,0,10.80294274199548,10.43171783511664,10.48128818678344,10.559023236835765,11.579365437649917
0,0,0,0,10.80294274199548,10.43171783511664,10.48128818678344,10.559023236835765,11.579365437649917
4,0,0,0,10.80294274199548,10.43171783511664,10.48128818678344,10.559023236835765,11.579365437649917
4,1,0,1,10.80294274199548,10.43171783511664,10.48128818678344,10.559023236835765,11.579365437649917
4,0,0,0,10.80294274199548,10.43171783511664,10.48128818678344,10.559023236835765,11.579365437649917
4,0,0,0,9.645414878781216,9.732387209378725,9.35600488599063,10.276818065454815,9.70544800895865
4,0,0,0,10.80294274199548,10.43171783511664,10.48128818678344,10.559023236835765,11.579365437649917
4,0,0,1,10.80294274199548,10.43171783511664,10.48128818678344,10.559023236835765,11.579365437649917
4,1,0,1,10.80294274199548,10.43171783511664,10.48128818678344,10.559023236835765,11.579365437649917
3,0,0,1,10.80294274199548,10.43171783511664,10.48128818678344,10.559023236835765,11.579365437649917
4,1,0,1,10.80294274199548,10.43171783511664,10.48128818678344,10.559023236835765,11.579365437649917
4,1,0,1,10.80294274199548,10.43171783511664,10.48128818678344,10.559023236835765,11.579365437649917
4,0,0,0,10.80294274199548,10.43171783511664,10.48128818678344,10.559023236835765,11.579365437649917
3,0,0,0,10.80294274199548,10.43171783511664,10.48128818678344,10.559023236835765,11.579365437649917
3,0,0,0,10.80294274199548,10.43171783511664,10.48128818678344,10.559023236835765,11.579365437649917
0,0,0,0,10.80294274199548,10.43171783511664,10.48128818678344,10.559023236835765,11.579365437649917
3,0,0,0,10.80294274199548,10.43171783511664,10.48128818678344,10.559023236835765,11.579365437649917
3,0,0,0,10.80294274199548,10.43171783511664,10.48128818678344,10.559023236835765,11.579365437649917
0,0,0,0,10.80294274199548,10.43171783511664,10.48128818678344,10.559023236835765,11.579365437649917
5,1,0,0,10.80294274199548,10.43171783511664,10.48128818678344,10.559023236835765,11.579365437649917
5,1,0,0,10.80294274199548,10.43171783511664,10.48128818678344,10.559023236835765,11.579365437649917
5,1,1,0,10.80294274199548,10.43171783511664,10.48128818678344,10.559023236835765,11.579365437649917
3,1,0,1,10.80294274199548,10.43171783511664,10.48128818678344,10.559023236835765,11.579365437649917
3,0,0,0,10.80294274199548,10.43171783511664,10.48128818678344,10.559023236835765,11.579365437649917
3,0,0,0,10.80294274199548,10.43171783511664,10.48128818678344,10.559023236835765,11.579365437649917
3,0,0,0,10.80294274199548,10.43171783511664,10.48128818678344,10.559023236835765,11.579365437649917
3,0,0,0,10.80294274199548,10.43171783511664,10.48128818678344,10.559023236835765,11.579365437649917
3,0,0,0,10.80294274199548,10.43171783511664,10.48128818678344,10.559023236835765,11.579365437649917
3,0,0,0,10.80294274199548,10.43171783511664,10.48128818678344,10.559023236835765,11.579365437649917
4,0,1,1,10.80294274199548,10.43171783511664,10.48128818678344,10.559023236835765,11.579365437649917
4,0,0,0,10.80294274199548,10.43171783511664,10.48128818678344,10.559023236835765,11.579365437649917
4,0,0,0,10.80294274199548,10.43171783511664,10.48128818678344,10.559023236835765,11.579365437649917
3,0,0,0,10.80294274199548,10.43171783511664,10.48128818678344,10.559023236835765,11.579365437649917
3,1,0,1,10.80294274199548,10.43171783511664,10.48128818678344,10.559023236835765,11.579365437649917
5,0,0,0,10.80294274199548,10.43171783511664,10.48128818678344,10.559023236835765,11.579365437649917
4,1,0,1,10.80294274199548,10.43171783511664,10.48128818678344,10.559023236835765,11.579365437649917
4,0,0,0,10.80294274199548,10.43171783511664,10.48128818678344,10.559023236835765,11.579365437649917
4,0,0,0,9.418795480609408,9.233509045095275,9.156000899590214,9.72313913200611,9.47683789363934
4,0,0,0,10.80294274199548,10.43171783511664,10.48128818678344,10.559023236835765,11.579365437649917
4,0,0,0,10.80294274199548,10.43171783511664,10.48128818678344,10.559023236835765,11.579365437649917
4,1,1,1,10.80294274199548,10.43171783511664,10.48128818678344,10.559023236835765,11.579365437649917
4,0,0,0,10.80294274199548,10.43171783511664,10.48128818678344,10.559023236835765,11.579365437649917
4,0,0,0,10.80294274199548,10.43171783511664,10.48128818678344,10.559023236835765,11.579365437649917
4,0,0,0,10.80294274199548,10.43171783511664,10.48128818678344,10.559023236835765,11.579365437649917
4,0,0,0,10.80294274199548,10.43171783511664,10.48128818678344,10.559023236835765,11.579365437649917
4,0,0,0,10.80294274199548,10.43171783511664,10.48128818678344,10.559023236835765,11.579365437649917
4,0,0,0,10.80294274199548,10.43171783511664,10.48128818678344,10.559023236835765,11.579365437649917
4,1,0,1,10.80294274199548,10.43171783511664,10.48128818678344,10.559023236835765,11.579365437649917
4,0,0,0,10.80294274199548,10.43171783511664,10.48128818678344,10.559023236835765,11.579365437649917
5,1,0,0,10.80294274199548,10.43171783511664,10.48128818678344,10.559023236835765,11.579365437649917
5,1,0,0,10.80294274199548,10.43171783511664,10.48128818678344,10.559023236835765,11.579365437649917
5,1,0,0,10.80294274199548,10.43171783511664,10.48128818678344,10.559023236835765,11.579365437649917
5,1,0,0,10.80294274199548,10.43171783511664,10.48128818678344,10.559023236835765,11.579365437649917
4,0,0,0,10.80294274199548,10.43171783511664,10.48128818678344,10.559023236835765,11.579365437649917
3,1,0,1,10.80294274199548,10.43171783511664,10.48128818678344,10.559023236835765,11.579365437649917
4,0,0,0,10.80294274199548,10.43171783511664,10.48128818678344,10.559023236835765,11.579365437649917
4,0,0,0,10.80294274199548,10.43171783511664,10.48128818678344,10.559023236835765,11.579365437649917
3,0,0,0,10.80294274199548,10.43171783511664,10.48128818678344,10.559023236835765,11.579365437649917
4,1,0,1,10.831722534526023,10.702531676451512,9.721556622361152,10.242495802730726,10.110865569372695
4,0,0,0,10.80294274199548,10.43171783511664,10.48128818678344,10.559023236835765,11.579365437649917
4,0,0,0,10.80294274199548,10.43171783511664,10.48128818678344,10.559023236835765,11.579365437649917
4,0,0,0,10.80294274199548,10.43171783511664,10.48128818678344,10.559023236835765,11.579365437649917
4,0,0,0,10.80294274199548,10.43171783511664,10.48128818678344,10.559023236835765,11.579365437649917
4,0,0,0,10.80294274199548,10.43171783511664,10.48128818678344,10.559023236835765,11.579365437649917
4,1,0,1,10.80294274199548,10.43171783511664,10.48128818678344,10.559023236835765,11.579365437649917
4,1,0,1,10.80294274199548,10.43171783511664,10.48128818678344,10.559023236835765,11.579365437649917
4,0,0,0,10.80294274199548,10.43171783511664,10.48128818678344,10.559023236835765,11.579365437649917
4,0,0,0,10.80294274199548,10.43171783511664,10.48128818678344,10.559023236835765,11.579365437649917
4,0,0,0,10.80294274199548,10.43171783511664,10.48128818678344,10.559023236835765,11.579365437649917
4,0,0,0,10.80294274199548,10.43171783511664,10.48128818678344,10.559023236835765,11.579365437649917
4,0,0,0,10.80294274199548,10.43171783511664,10.48128818678344,10.559023236835765,11.579365437649917
4,0,0,0,10.80294274199548,10.43171783511664,10.48128818678344,10.559023236835765,11.579365437649917
3,0,0,0,10.80294274199548,10.43171783511664,10.48128818678344,10.559023236835765,11.579365437649917
4,0,0,0,10.80294274199548,10.43171783511664,10.48128818678344,10.559023236835765,11.579365437649917
4,0,0,0,10.80294274199548,10.43171783511664,10.48128818678344,10.559023236835765,11.579365437649917
4,0,0,0,10.80294274199548,10.43171783511664,10.48128818678344,10.559023236835765,11.579365437649917
4,0,0,0,10.80294274199548,10.43171783511664,10.48128818678344,10.559023236835765,11.579365437649917
4,0,0,0,10.80294274199548,10.43171783511664,10.48128818678344,10.559023236835765,11.579365437649917
4,0,0,0,10.80294274199548,10.43171783511664,10.48128818678344,10.559023236835765,11.579365437649917
4,0,0,0,10.805734916064388,10.444397098132752,10.645979938868106,11.542532356891636,11.328208319185457
4,0,0,0,10.80294274199548,10.43171783511664,10.48128818678344,10.559023236835765,11.579365437649917
3,0,0,0,10.80294274199548,10.43171783511664,10.48128818678344,10.559023236835765,11.579365437649917
4,0,0,0,10.360270260919108,10.138761849499227,9.868240125481833,10.174360872939172,10.747376396126457
3,0,0,0,10.80294274199548,10.43171783511664,10.48128818678344,10.559023236835765,11.579365437649917
3,0,0,0,10.80294274199548,10.43171783511664,10.48128818678344,10.559023236835765,11.579365437649917
